timestamp_s,trunk_angle_deg,trunk_score,cervical_cm,cervical_score,lean_score,pss_raw,pss_smooth
90.416,4.72,0.0000,0.74,0.0441,0.0637,0.0753,0.0753
90.546,4.53,0.0522,0.74,0.0445,0.0338,0.0749,0.0757
90.647,4.73,0.1343,0.75,0.0451,0.0213,0.0778,0.0759
90.755,4.85,0.1180,0.63,0.0376,0.0200,0.0783,0.0766
90.877,5.88,0.0000,0.19,0.0114,0.0049,0.0757,0.0766
90.984,6.18,0.0000,0.29,0.0174,0.0005,0.0741,0.0763
91.087,6.48,0.0000,0.53,0.0318,0.0000,0.0715,0.0757
91.202,6.04,0.0000,0.43,0.0260,0.0000,0.0725,0.0753
91.339,5.99,0.0000,0.52,0.0311,0.0130,0.0728,0.0748
91.439,6.05,0.0000,0.53,0.0316,0.0082,0.0723,0.0745
91.574,5.80,0.0262,0.71,0.0429,0.0211,0.0729,0.0742
91.687,5.89,0.0000,0.88,0.0526,0.0197,0.0696,0.0736
91.824,6.25,0.0000,0.98,0.0587,0.0204,0.0686,0.0722
91.927,6.41,0.0000,1.00,0.0598,0.0085,0.0671,0.0714
92.047,6.78,0.0000,0.97,0.0583,0.0027,0.0664,0.0705
92.164,6.93,0.0000,0.81,0.0484,0.0115,0.0692,0.0701
92.298,6.76,0.0000,0.86,0.0517,0.0122,0.0686,0.0697
92.432,6.19,0.0220,1.05,0.0630,0.0251,0.0690,0.0688
92.557,6.27,0.0581,0.98,0.0590,0.0220,0.0711,0.0686
92.701,5.91,0.0226,0.60,0.0361,0.0673,0.0780,0.0692
92.829,5.97,0.0396,0.80,0.0480,0.0232,0.0724,0.0698
92.958,5.91,0.0741,0.94,0.0566,0.0179,0.0722,0.0704
93.058,5.69,0.0904,0.97,0.0583,0.0189,0.0729,0.0710
93.186,5.23,0.0974,0.89,0.0537,0.0312,0.0754,0.0719
93.303,5.32,0.0918,0.82,0.0491,0.0497,0.0777,0.0728
93.423,5.20,0.0940,0.91,0.0543,0.0439,0.0762,0.0740
93.554,5.08,0.0893,0.64,0.0382,0.0716,0.0815,0.0751
93.663,5.19,0.0783,0.53,0.0318,0.0679,0.0818,0.0759
93.804,5.44,0.0326,0.41,0.0248,0.0078,0.0748,0.0763
93.935,6.21,0.0000,0.04,0.0025,0.0026,0.0768,0.0768
94.045,6.39,0.0000,-0.37,0.0160,0.0000,0.0892,0.0781
94.158,6.15,0.0000,-0.28,0.0121,0.0000,0.0862,0.0792
94.265,6.91,0.0000,-0.23,0.0099,0.0000,0.0845,0.0799
94.366,7.03,0.0000,-0.37,0.0160,0.0000,0.0893,0.0809
94.485,7.04,0.0000,-0.39,0.0166,0.0000,0.0899,0.0820
94.587,6.74,0.0000,-0.29,0.0125,0.0000,0.0866,0.0828
94.700,6.87,0.0000,-0.63,0.0271,0.0000,0.0981,0.0845
94.814,6.96,0.0000,-0.24,0.0101,0.0000,0.0850,0.0862
94.929,6.26,0.0000,-0.27,0.0118,0.0000,0.0863,0.0874
95.032,5.72,0.0000,-0.25,0.0108,0.0000,0.0856,0.0880
95.133,5.55,0.0373,0.17,0.0102,0.0000,0.0774,0.0869
95.238,4.52,0.1740,0.43,0.0261,0.0000,0.0816,0.0865
95.374,3.55,0.2833,-0.82,0.0351,0.0558,0.1248,0.0886
95.477,3.54,0.3048,-1.79,0.0768,0.0444,0.1563,0.0949
95.578,3.16,0.3158,-2.07,0.0887,0.0780,0.1691,0.1025
95.690,3.02,0.3377,-2.31,0.0991,0.0833,0.1787,0.1107
95.801,2.62,0.3075,-2.80,0.1198,0.0070,0.1862,0.1197
95.930,2.70,0.2875,-2.60,0.1114,0.0000,0.1783,0.1324
96.065,2.66,0.1907,-2.98,0.1276,0.0000,0.1866,0.1454
96.200,2.38,0.2095,-3.25,0.1391,0.0000,0.1967,0.1613
96.326,3.11,0.1696,-3.86,0.1655,0.0124,0.2168,0.1758
96.436,3.06,0.1242,-3.73,0.1597,0.0782,0.2166,0.1855
96.563,3.61,0.0817,-3.70,0.1584,0.0403,0.2098,0.1904
96.695,4.32,0.0000,-4.07,0.1744,0.0000,0.2143,0.1925
96.833,4.17,0.0000,-5.28,0.2264,0.0000,0.2550,0.1980
96.955,3.67,0.0000,-3.66,0.1569,0.0000,0.2005,0.2049
97.067,3.18,0.0000,-2.17,0.0931,0.0000,0.1504,0.2038
97.172,3.04,0.1421,-2.32,0.0996,0.0000,0.1626,0.1996
97.294,2.92,0.1439,-1.49,0.0638,0.0000,0.1348,0.1951
97.411,4.40,0.1841,-2.12,0.0907,0.0000,0.1579,0.1856
97.513,3.93,0.1530,-1.33,0.0570,0.0000,0.1300,0.1801
97.649,3.70,0.0197,-3.17,0.1359,0.0000,0.1850,0.1767
97.755,2.88,0.1090,-4.01,0.1719,0.0517,0.2227,0.1747
97.878,3.09,0.0621,-4.00,0.1713,0.0000,0.2147,0.1729
97.986,3.08,0.0094,-4.95,0.2123,0.0000,0.2442,0.1767
98.107,3.15,0.0000,-4.55,0.1951,0.0000,0.2303,0.1855
98.211,3.25,0.0000,-4.30,0.1845,0.0000,0.2220,0.1920
98.341,3.29,0.0000,-3.76,0.1610,0.0000,0.2038,0.2012
98.467,3.39,0.0000,-3.25,0.1393,0.0000,0.1868,0.2062
98.571,3.26,0.0000,-2.32,0.0993,0.0000,0.1555,0.2079
98.688,2.87,0.0057,-1.41,0.0605,0.0000,0.1254,0.2035
98.788,2.83,0.0150,-1.34,0.0575,0.0000,0.1236,0.1940
98.897,2.76,0.0308,-1.15,0.0494,0.0000,0.1180,0.1831
99.026,2.71,0.0555,-1.36,0.0581,0.0000,0.1261,0.1683
99.128,3.03,0.0908,-1.25,0.0537,0.0000,0.1245,0.1585
99.261,3.64,0.0668,-1.56,0.0667,0.0000,0.1334,0.1451
99.383,4.27,0.0000,-5.41,0.2320,0.0000,0.2594,0.1436
99.511,3.79,0.0008,-3.68,0.1579,0.0000,0.2013,0.1503
99.620,4.04,0.0000,-6.46,0.2770,0.0000,0.2941,0.1613
99.741,5.13,0.0000,-6.89,0.2953,0.0000,0.3077,0.1846
99.873,4.57,0.0000,-8.97,0.3846,0.0000,0.3347,0.2113
99.977,3.93,0.0000,-10.38,0.4447,0.0000,0.3528,0.2337
100.107,3.75,0.0000,-12.29,0.5269,0.0000,0.3772,0.2658
100.213,3.44,0.0000,-12.53,0.5372,0.0000,0.3804,0.2910
100.319,3.63,0.0000,-12.47,0.5346,0.0000,0.3796,0.3152
100.426,4.04,0.0000,-11.33,0.4854,0.0000,0.3649,0.3271
100.552,4.65,0.0000,-10.79,0.4623,0.0000,0.3577,0.3451
100.688,4.87,0.0000,-10.26,0.4398,0.0000,0.3510,0.3546
100.790,5.02,0.0000,-9.92,0.4249,0.0000,0.3467,0.3586
100.920,4.75,0.0000,-9.67,0.4146,0.0000,0.3437,0.3599
101.044,4.24,0.0000,-10.68,0.4575,0.0000,0.3565,0.3609
101.171,4.64,0.0000,-11.18,0.4790,0.0000,0.3628,0.3613
101.278,4.79,0.0000,-11.21,0.4803,0.0000,0.3632,0.3591
101.407,5.17,0.0000,-9.41,0.4032,0.0000,0.3403,0.3561
101.539,5.47,0.0000,-8.56,0.3667,0.0000,0.3292,0.3518
101.673,4.24,0.0000,-10.96,0.4698,0.0000,0.3600,0.3515
101.784,4.17,0.0000,-11.36,0.4868,0.0000,0.3650,0.3530
101.915,4.25,0.0000,-12.01,0.5146,0.0000,0.3735,0.3566
102.023,5.20,0.0000,-8.26,0.3540,0.0000,0.3252,0.3562
102.139,6.04,0.0000,-6.22,0.2666,0.0000,0.2859,0.3467
102.241,5.64,0.0000,-6.81,0.2921,0.0000,0.3058,0.3406
102.343,4.83,0.0000,-6.89,0.2954,0.0000,0.3076,0.3357
102.447,6.07,0.0000,-6.89,0.2952,0.0000,0.3072,0.3303
102.575,5.62,0.0000,-7.09,0.3041,0.0000,0.3099,0.3270
102.722,4.58,0.0000,-7.54,0.3233,0.0000,0.3157,0.3240
102.835,4.56,0.0000,-9.78,0.4190,0.0000,0.3446,0.3209
102.975,3.96,0.0000,-11.86,0.5082,0.0000,0.3715,0.3201
103.101,3.76,0.0000,-11.23,0.4813,0.0000,0.3635,0.3235
103.209,3.92,0.0000,-11.34,0.4860,0.0000,0.3650,0.3312
103.321,3.92,0.0000,-10.42,0.4465,0.0000,0.3531,0.3371
103.426,4.57,0.0000,-6.50,0.2787,0.0000,0.2953,0.3394
103.529,4.72,0.0000,-7.18,0.3075,0.0000,0.3113,0.3413
103.654,5.39,0.0000,-6.95,0.2977,0.0000,0.3083,0.3419
103.771,5.55,0.0000,-7.44,0.3187,0.0000,0.3147,0.3420
103.879,5.78,0.0000,-7.77,0.3329,0.0000,0.3190,0.3393
103.981,5.93,0.0000,-7.84,0.3360,0.0000,0.3199,0.3344
104.091,5.75,0.0000,-6.72,0.2881,0.0000,0.3028,0.3290
104.207,5.63,0.0000,-7.85,0.3366,0.0000,0.3200,0.3243
104.337,5.40,0.0000,-7.86,0.3368,0.0000,0.3199,0.3185
104.497,4.81,0.0000,-8.69,0.3724,0.0000,0.3307,0.3175
104.611,4.65,0.0000,-9.36,0.4010,0.0000,0.3393,0.3206
104.717,4.33,0.0000,-9.35,0.4006,0.0000,0.3393,0.3236
104.848,4.06,0.0000,-11.37,0.4873,0.0000,0.3653,0.3278
104.951,3.69,0.0000,-10.45,0.4478,0.0000,0.3534,0.3315
105.056,3.90,0.0000,-10.44,0.4476,0.0000,0.3534,0.3348
105.163,4.28,0.0000,-9.08,0.3892,0.0000,0.3360,0.3371
105.276,3.93,0.0000,-9.66,0.4139,0.0000,0.3434,0.3402
105.408,4.76,0.0000,-12.86,0.5512,0.0000,0.3846,0.3476
105.515,4.43,0.0000,-12.62,0.5410,0.0000,0.3815,0.3539
105.623,4.13,0.0000,-11.93,0.5111,0.0000,0.3726,0.3571
105.725,3.86,0.0000,-10.91,0.4674,0.0000,0.3596,0.3589
105.832,3.36,0.0000,-11.08,0.4749,0.0000,0.3618,0.3597
105.956,4.08,0.0000,-8.69,0.3725,0.0000,0.3311,0.3586
106.061,5.25,0.0000,-8.11,0.3474,0.0000,0.3234,0.3550
106.187,4.85,0.0000,-8.98,0.3848,0.0000,0.3347,0.3537
106.320,4.71,0.0000,-8.49,0.3637,0.0000,0.3284,0.3530
106.437,3.61,0.0000,-9.84,0.4218,0.0000,0.3459,0.3501
106.557,4.01,0.0000,-10.74,0.4602,0.0000,0.3573,0.3464
106.666,3.71,0.0000,-10.61,0.4547,0.0000,0.3557,0.3449
106.788,3.92,0.0000,-12.59,0.5396,0.0000,0.3812,0.3476
106.917,3.52,0.0000,-11.87,0.5086,0.0000,0.3719,0.3494
107.035,3.41,0.0000,-11.75,0.5036,0.0000,0.3704,0.3535
107.180,3.36,0.0000,-10.84,0.4646,0.0000,0.3587,0.3576
107.287,3.18,0.0000,-11.85,0.5081,0.0000,0.3717,0.3604
107.389,3.39,0.0000,-11.57,0.4958,0.0000,0.3680,0.3631
107.509,4.29,0.0000,-10.89,0.4669,0.0000,0.3593,0.3655
107.620,3.98,0.0000,-12.21,0.5234,0.0000,0.3760,0.3679
107.759,3.66,0.0000,-12.16,0.5213,0.0000,0.3753,0.3704
107.861,3.93,0.0000,-11.49,0.4923,0.0000,0.3663,0.3705
107.989,3.94,0.0000,-13.23,0.5669,0.0000,0.3887,0.3700
108.111,4.26,0.0000,-13.12,0.5622,0.0000,0.3867,0.3709
108.236,4.37,0.0000,-13.68,0.5864,0.0000,0.3934,0.3737
108.342,4.35,0.0000,-13.73,0.5884,0.0000,0.3944,0.3767
108.450,3.70,0.0000,-14.15,0.6063,0.0000,0.3994,0.3795
108.561,4.61,0.0000,-13.99,0.5996,0.0000,0.3957,0.3845
108.679,3.84,0.0000,-14.52,0.6221,0.0000,0.4026,0.3872
108.798,4.15,0.0000,-14.26,0.6111,0.0000,0.3987,0.3893
108.909,3.95,0.0000,-14.45,0.6192,0.0000,0.4019,0.3929
109.011,4.08,0.0000,-14.59,0.6253,0.0000,0.4038,0.3956
109.118,4.59,0.0000,-13.44,0.5758,0.0000,0.3890,0.3956
109.220,4.56,0.0000,-13.65,0.5851,0.0000,0.3921,0.3959
109.323,3.90,0.0000,-14.23,0.6100,0.0000,0.3999,0.3961
109.434,3.95,0.0000,-14.50,0.6212,0.0000,0.4024,0.3965
109.559,3.81,0.0000,-14.65,0.6277,0.0000,0.4028,0.3967
109.664,3.57,0.0000,-13.75,0.5891,0.0000,0.3916,0.3964
109.777,3.79,0.0000,-14.04,0.6018,0.0000,0.3966,0.3969
109.883,3.96,0.0000,-14.84,0.6359,0.0000,0.4072,0.3972
110.015,3.51,0.0000,-15.09,0.6468,0.0000,0.4115,0.3981
110.144,3.79,0.0000,-16.46,0.7053,0.0000,0.4295,0.4021
110.265,3.01,0.0000,-16.48,0.7061,0.0000,0.4300,0.4068
110.391,2.88,0.0000,-16.79,0.7194,0.0000,0.4342,0.4118
110.526,2.64,0.0000,-17.20,0.7371,0.0000,0.4397,0.4165
110.632,2.30,0.0000,-16.74,0.7175,0.0000,0.4338,0.4199
110.751,2.30,0.0000,-17.55,0.7523,0.0000,0.4441,0.4257
110.863,1.69,0.0000,-14.67,0.6286,0.0000,0.4074,0.4265
110.993,1.88,0.0000,-16.14,0.6915,0.0000,0.4264,0.4282
111.121,2.30,0.0000,-15.42,0.6610,0.0000,0.4174,0.4263
111.226,2.50,0.0000,-16.06,0.6885,0.0000,0.4248,0.4257
111.329,2.58,0.0000,-16.58,0.7106,0.0000,0.4318,0.4255
111.462,2.69,0.0000,-16.47,0.7057,0.0000,0.4306,0.4251
111.646,1.85,0.0000,-16.11,0.6906,0.0000,0.4261,0.4240
111.753,2.23,0.0000,-16.48,0.7061,0.0000,0.4308,0.4233
111.856,1.97,0.0000,-16.38,0.7018,0.0000,0.4297,0.4241
111.986,1.44,0.0000,-17.07,0.7315,0.0000,0.4388,0.4267
112.111,1.91,0.0000,-16.97,0.7274,0.0000,0.4376,0.4294
112.236,1.96,0.0000,-17.05,0.7306,0.0000,0.4386,0.4319
112.361,2.22,0.0000,-16.30,0.6984,0.0000,0.4285,0.4317
112.496,1.99,0.0000,-15.50,0.6643,0.0000,0.4185,0.4300
112.625,1.92,0.0000,-15.63,0.6696,0.0000,0.4202,0.4288
112.756,2.25,0.0000,-15.98,0.6850,0.0000,0.4248,0.4283
112.861,2.50,0.0000,-16.74,0.7176,0.0000,0.4346,0.4289
112.989,2.24,0.0000,-16.62,0.7121,0.0000,0.4329,0.4277
113.093,2.45,0.0000,-16.53,0.7084,0.0000,0.4318,0.4273
113.196,2.57,0.0000,-16.92,0.7252,0.0000,0.4361,0.4272
113.321,2.27,0.0000,-16.75,0.7178,0.0000,0.4340,0.4275
113.422,2.26,0.0000,-16.87,0.7230,0.0000,0.4357,0.4277
113.551,2.45,0.0000,-16.58,0.7105,0.0000,0.4322,0.4294
113.657,2.18,0.0000,-16.67,0.7144,0.0000,0.4333,0.4307
113.788,2.31,0.0000,-16.73,0.7169,0.0000,0.4343,0.4325
113.889,2.17,0.0000,-16.35,0.7005,0.0000,0.4294,0.4327
113.997,2.12,0.0000,-16.82,0.7210,0.0000,0.4357,0.4330
114.128,2.58,0.0000,-17.14,0.7347,0.0000,0.4399,0.4339
114.257,2.30,0.0000,-16.03,0.6869,0.0000,0.4253,0.4322
114.359,2.10,0.0000,-15.29,0.6554,0.0000,0.4158,0.4305
114.463,1.71,0.0000,-14.93,0.6400,0.0000,0.4106,0.4280
114.594,1.72,0.0000,-15.35,0.6578,0.0000,0.4162,0.4261
114.697,1.55,0.0000,-16.14,0.6916,0.0000,0.4264,0.4250
114.825,1.21,0.0000,-16.30,0.6984,0.0000,0.4283,0.4235
114.929,0.69,0.0000,-17.04,0.7305,0.0000,0.4376,0.4236
115.056,0.38,0.0000,-18.44,0.7901,0.0000,0.4553,0.4255
115.228,0.28,0.0000,-18.86,0.8083,0.0000,0.4607,0.4279
115.337,0.01,0.0000,-19.38,0.8306,0.0000,0.4675,0.4334
115.451,0.51,0.0000,-18.77,0.8045,0.0000,0.4594,0.4379
115.570,1.29,0.0000,-21.75,0.9321,0.0000,0.4977,0.4481
115.676,1.93,0.0000,-21.35,0.9150,0.0000,0.4916,0.4563
115.807,2.35,0.0000,-23.44,1.0000,0.0000,0.5172,0.4683
115.921,2.14,0.0000,-23.82,1.0000,0.0000,0.5177,0.4771
116.023,2.22,0.0000,-23.72,1.0000,0.0000,0.5180,0.4850
116.123,1.98,0.0000,-23.07,0.9885,0.0000,0.5145,0.4915
116.229,1.55,0.0000,-24.69,1.0000,0.0000,0.5177,0.4976
116.358,2.24,0.0000,-24.90,1.0000,0.0000,0.5177,0.5049
116.460,1.63,0.0000,-23.78,1.0000,0.0000,0.5175,0.5110
116.594,1.46,0.0000,-24.45,1.0000,0.0000,0.5150,0.5146
116.728,1.41,0.0000,-23.32,0.9996,0.0000,0.5139,0.5163
116.850,1.66,0.0000,-24.04,1.0000,0.0000,0.5149,0.5164
116.973,1.99,0.0000,-22.79,0.9768,0.0000,0.5079,0.5154
117.085,1.68,0.0000,-23.59,1.0000,0.0000,0.5156,0.5152
117.207,1.50,0.0000,-25.45,1.0000,0.0000,0.5158,0.5150
117.313,1.48,0.0000,-25.93,1.0000,0.0000,0.5137,0.5147
117.435,1.58,0.0000,-24.62,1.0000,0.0000,0.5135,0.5142
117.545,1.48,0.0000,-23.93,1.0000,0.0000,0.5142,0.5138
117.673,1.27,0.0000,-24.75,1.0000,0.0000,0.5150,0.5137
117.774,1.86,0.0000,-24.38,1.0000,0.0000,0.5158,0.5139
117.878,1.83,0.0000,-24.03,1.0000,0.0000,0.5159,0.5140
117.981,1.15,0.0000,-23.98,1.0000,0.0000,0.5152,0.5150
118.112,1.49,0.0000,-25.13,1.0000,0.0000,0.5161,0.5150
118.239,1.72,0.0000,-24.43,1.0000,0.0000,0.5156,0.5150
118.399,1.40,0.0000,-24.73,1.0000,0.0000,0.5159,0.5152
118.513,1.19,0.0000,-23.87,1.0000,0.0000,0.5163,0.5155
118.641,1.58,0.0000,-25.12,1.0000,0.0000,0.5152,0.5157
118.748,0.87,0.0000,-24.15,1.0000,0.0000,0.5151,0.5158
118.856,0.70,0.0000,-23.82,1.0000,0.0000,0.5133,0.5157
118.989,1.24,0.0000,-22.32,0.9567,0.0000,0.5005,0.5149
119.117,0.95,0.0000,-24.15,1.0000,0.0000,0.5129,0.5138
119.249,1.49,0.0000,-23.42,1.0000,0.0000,0.5136,0.5130
119.354,1.34,0.0000,-24.33,1.0000,0.0000,0.5135,0.5128
119.457,1.20,0.0000,-25.55,1.0000,0.0000,0.5124,0.5124
119.563,1.74,0.0000,-25.88,1.0000,0.0000,0.5129,0.5121
119.693,1.28,0.0000,-23.89,1.0000,0.0000,0.5145,0.5118
119.803,1.30,0.0000,-23.41,1.0000,0.0000,0.5137,0.5118
119.966,0.43,0.0000,-24.00,1.0000,0.0000,0.5104,0.5113
120.081,0.05,0.0000,-25.43,1.0000,0.0000,0.5090,0.5113
120.185,1.11,0.0000,-24.18,1.0000,0.0000,0.5112,0.5118
120.291,1.49,0.0000,-23.19,0.9937,0.0000,0.5099,0.5117
120.421,0.91,0.0000,-21.96,0.9414,0.0000,0.4949,0.5099
120.521,0.80,0.0000,-22.33,0.9572,0.0000,0.5004,0.5086
120.625,0.38,0.0000,-24.46,1.0000,0.0000,0.5132,0.5083
120.725,0.11,0.0000,-24.67,1.0000,0.0000,0.5105,0.5082
120.845,0.64,0.0000,-22.35,0.9580,0.0000,0.4984,0.5069
120.955,0.89,0.0000,-20.77,0.8900,0.0000,0.4794,0.5047
121.059,0.62,0.0000,-21.94,0.9402,0.0000,0.4934,0.5030
121.183,0.58,0.0000,-22.16,0.9495,0.0000,0.4964,0.5008
121.302,0.06,0.0000,-22.24,0.9533,0.0000,0.4986,0.4995
121.422,0.61,0.0000,-20.90,0.8959,0.0000,0.4823,0.4990
121.551,0.44,0.0000,-20.30,0.8698,0.0000,0.4755,0.4974
121.653,0.16,0.0000,-20.94,0.8973,0.0000,0.4833,0.4961
121.753,0.61,0.0000,-20.42,0.8750,0.0000,0.4761,0.4943
121.864,0.43,0.0000,-19.95,0.8552,0.0000,0.4679,0.4915
121.966,0.26,0.0000,-20.19,0.8652,0.0000,0.4705,0.4888
122.092,0.37,0.0000,-19.98,0.8563,0.0000,0.4673,0.4848
122.193,0.43,0.0000,-18.50,0.7927,0.0000,0.4490,0.4810
122.314,0.67,0.0000,-18.57,0.7960,0.0000,0.4509,0.4763
122.442,1.65,0.0000,-18.05,0.7734,0.0000,0.4446,0.4699
122.543,1.75,0.0000,-17.05,0.7305,0.0000,0.4331,0.4637
122.677,0.67,0.0000,-17.57,0.7531,0.0000,0.4388,0.4565
122.808,1.01,0.0000,-15.90,0.6813,0.0000,0.4178,0.4487
122.939,1.33,0.0000,-16.46,0.7055,0.0000,0.4254,0.4412
123.156,1.13,0.0000,-16.90,0.7245,0.0000,0.4309,0.4364
123.284,1.07,0.0000,-15.25,0.6538,0.0000,0.4093,0.4323
123.391,1.24,0.0000,-16.59,0.7111,0.0000,0.4266,0.4297
123.498,1.36,0.0000,-16.79,0.7194,0.0000,0.4293,0.4277
123.634,1.18,0.0000,-15.94,0.6832,0.0000,0.4199,0.4262
123.738,1.19,0.0000,-15.95,0.6836,0.0000,0.4201,0.4242
123.877,1.17,0.0000,-17.71,0.7589,0.0000,0.4428,0.4246
123.986,1.26,0.0000,-16.93,0.7258,0.0000,0.4333,0.4264
124.117,1.38,0.0000,-16.35,0.7006,0.0000,0.4261,0.4270
124.242,1.86,0.0000,-17.27,0.7401,0.0000,0.4384,0.4275
124.343,2.45,0.0000,-16.75,0.7177,0.0000,0.4317,0.4288
124.447,1.88,0.0000,-17.39,0.7453,0.0000,0.4403,0.4309
124.554,2.05,0.0000,-16.54,0.7087,0.0000,0.4295,0.4320
124.693,2.24,0.0000,-16.09,0.6894,0.0000,0.4245,0.4316
124.797,2.09,0.0000,-16.05,0.6879,0.0000,0.4244,0.4317
124.915,2.43,0.0000,-15.75,0.6748,0.0000,0.4200,0.4316
125.021,2.56,0.0000,-15.62,0.6693,0.0000,0.4187,0.4300
125.123,2.86,0.0000,-15.89,0.6811,0.0000,0.4227,0.4291
125.243,2.95,0.0000,-14.95,0.6409,0.0000,0.4109,0.4273
125.349,3.10,0.0000,-15.06,0.6453,0.0000,0.4124,0.4249
125.483,3.10,0.0000,-15.14,0.6490,0.0000,0.4137,0.4220
125.587,3.59,0.0000,-14.46,0.6198,0.0000,0.4047,0.4189
125.691,3.24,0.0000,-14.60,0.6255,0.0000,0.4066,0.4163
125.805,3.17,0.0000,-14.75,0.6322,0.0000,0.4082,0.4148
125.908,3.35,0.0000,-14.46,0.6199,0.0000,0.4044,0.4132
126.008,3.38,0.0000,-14.71,0.6303,0.0000,0.4077,0.4116
126.136,3.66,0.0000,-15.19,0.6508,0.0000,0.4141,0.4105
126.237,4.20,0.0000,-14.54,0.6230,0.0000,0.4055,0.4091
126.338,3.89,0.0000,-14.31,0.6133,0.0000,0.4028,0.4084
126.440,3.65,0.0000,-13.66,0.5854,0.0000,0.3946,0.4071
126.571,3.86,0.0000,-11.81,0.5062,0.0000,0.3710,0.4019
126.699,4.04,0.0000,-11.87,0.5089,0.0000,0.3718,0.3997
126.841,4.36,0.0000,-11.28,0.4833,0.0000,0.3643,0.3947
126.952,4.42,0.0000,-11.14,0.4773,0.0000,0.3624,0.3904
127.056,4.86,0.0000,-11.52,0.4936,0.0000,0.3674,0.3861
127.158,4.93,0.0000,-11.74,0.5034,0.0000,0.3704,0.3821
127.263,4.82,0.0000,-12.00,0.5145,0.0000,0.3737,0.3781
127.393,4.42,0.0000,-11.44,0.4904,0.0000,0.3665,0.3734
127.515,5.17,0.0000,-11.90,0.5098,0.0000,0.3722,0.3703
127.629,5.11,0.0000,-11.84,0.5076,0.0000,0.3716,0.3692
127.763,4.78,0.0000,-11.41,0.4891,0.0000,0.3660,0.3692
127.891,5.01,0.0000,-11.76,0.5042,0.0000,0.3706,0.3691
127.991,5.07,0.0000,-12.16,0.5210,0.0000,0.3756,0.3700
128.098,5.06,0.0000,-11.95,0.5120,0.0000,0.3729,0.3710
128.228,5.17,0.0000,-11.97,0.5131,0.0000,0.3732,0.3716
128.358,4.98,0.0000,-11.20,0.4798,0.0000,0.3631,0.3708
128.484,5.00,0.0000,-10.83,0.4641,0.0000,0.3584,0.3703
128.609,5.72,0.0000,-11.08,0.4748,0.0000,0.3616,0.3691
128.721,5.06,0.0000,-10.49,0.4495,0.0000,0.3540,0.3677
128.823,5.66,0.0000,-10.86,0.4653,0.0000,0.3587,0.3660
128.947,5.95,0.0000,-11.13,0.4768,0.0000,0.3622,0.3649
129.087,6.27,0.0000,-11.11,0.4763,0.0000,0.3620,0.3633
129.221,5.85,0.0000,-11.26,0.4824,0.0000,0.3640,0.3620
129.353,5.67,0.0000,-11.04,0.4733,0.0000,0.3612,0.3613
129.454,5.49,0.0000,-10.98,0.4708,0.0000,0.3605,0.3612
129.557,5.50,0.0000,-11.13,0.4769,0.0000,0.3622,0.3610
129.695,5.50,0.0000,-10.29,0.4410,0.0000,0.3515,0.3599
129.823,5.71,0.0000,-10.45,0.4480,0.0000,0.3536,0.3589
129.926,5.77,0.0000,-10.15,0.4349,0.0000,0.3496,0.3581
130.047,5.99,0.0000,-9.60,0.4112,0.0000,0.3424,0.3558
130.157,6.20,0.0000,-10.84,0.4647,0.0000,0.3583,0.3551
130.281,5.69,0.0000,-10.04,0.4303,0.0000,0.3480,0.3543
130.381,5.74,0.0000,-10.22,0.4381,0.0000,0.3504,0.3522
130.512,6.01,0.0000,-10.08,0.4322,0.0000,0.3482,0.3504
130.647,6.08,0.0000,-9.47,0.4058,0.0000,0.3405,0.3478
130.778,6.13,0.0000,-9.85,0.4221,0.0000,0.3456,0.3467
130.914,6.25,0.0000,-9.01,0.3862,0.0000,0.3348,0.3455
131.041,5.57,0.0000,-9.18,0.3935,0.0000,0.3369,0.3439
131.147,5.83,0.0000,-9.52,0.4080,0.0000,0.3411,0.3430
131.251,5.91,0.0000,-9.66,0.4139,0.0000,0.3430,0.3415
131.373,5.87,0.0000,-9.01,0.3863,0.0000,0.3348,0.3403
131.501,5.89,0.0000,-9.60,0.4116,0.0000,0.3424,0.3391
131.609,5.22,0.0000,-9.39,0.4023,0.0000,0.3397,0.3396
131.737,5.76,0.0000,-9.50,0.4069,0.0000,0.3410,0.3394
131.839,5.27,0.0000,-9.55,0.4095,0.0000,0.3419,0.3394
132.034,5.88,0.0000,-9.25,0.3964,0.0000,0.3379,0.3400
132.158,6.05,0.0000,-9.52,0.4081,0.0000,0.3414,0.3407
132.263,6.06,0.0000,-9.44,0.4047,0.0000,0.3405,0.3405
132.389,6.18,0.0000,-9.71,0.4161,0.0000,0.3439,0.3411
132.491,6.17,0.0000,-9.46,0.4055,0.0000,0.3408,0.3416
132.595,6.14,0.0000,-9.87,0.4231,0.0000,0.3457,0.3423
132.733,5.81,0.0000,-9.59,0.4110,0.0000,0.3421,0.3428
132.859,5.70,0.0000,-8.90,0.3816,0.0000,0.3334,0.3418
132.970,5.57,0.0000,-8.64,0.3704,0.0000,0.3299,0.3407
133.072,5.90,0.0000,-9.44,0.4044,0.0000,0.3402,0.3400
133.191,6.14,0.0000,-9.09,0.3897,0.0000,0.3356,0.3394
133.321,5.94,0.0000,-9.11,0.3905,0.0000,0.3357,0.3385
133.423,5.65,0.0000,-8.68,0.3719,0.0000,0.3303,0.3376
133.556,5.50,0.0000,-8.19,0.3511,0.0000,0.3242,0.3358
133.668,6.00,0.0000,-8.55,0.3663,0.0000,0.3288,0.3343
133.833,5.84,0.0000,-8.62,0.3696,0.0000,0.3299,0.3328
133.961,6.19,0.0000,-9.08,0.3893,0.0000,0.3355,0.3329
134.087,6.59,0.0000,-8.97,0.3843,0.0000,0.3325,0.3334
134.223,6.21,0.0000,-8.88,0.3805,0.0000,0.3314,0.3323
134.325,6.21,0.0000,-11.15,0.4779,0.0000,0.3612,0.3340
134.463,5.73,0.0000,-9.12,0.3907,0.0000,0.3354,0.3343
134.563,5.92,0.0000,-9.03,0.3870,0.0000,0.3344,0.3347
134.697,5.81,0.0000,-8.75,0.3750,0.0000,0.3307,0.3350
134.831,5.67,0.0000,-9.00,0.3858,0.0000,0.3339,0.3355
134.956,5.74,0.0000,-8.77,0.3757,0.0000,0.3310,0.3359
135.059,5.62,0.0000,-8.97,0.3846,0.0000,0.3335,0.3354
135.161,5.34,0.0000,-8.74,0.3745,0.0000,0.3305,0.3359
135.263,6.21,0.0000,-8.65,0.3706,0.0000,0.3290,0.3358
135.391,6.45,0.0000,-8.96,0.3839,0.0000,0.3333,0.3328
135.494,6.09,0.0000,-7.63,0.3269,0.0000,0.3163,0.3317
135.615,5.75,0.0000,-7.58,0.3248,0.0000,0.3158,0.3304
135.743,6.06,0.0000,-8.67,0.3716,0.0000,0.3301,0.3305
135.861,5.71,0.0000,-8.39,0.3595,0.0000,0.3264,0.3299
135.994,5.79,0.0000,-8.50,0.3641,0.0000,0.3278,0.3290
136.115,5.48,0.0000,-8.59,0.3682,0.0000,0.3291,0.3289
136.228,6.48,0.0000,-9.87,0.4228,0.0000,0.3454,0.3294
136.343,6.22,0.0000,-10.21,0.4377,0.0000,0.3498,0.3309
136.447,5.85,0.0000,-8.65,0.3707,0.0000,0.3295,0.3312
136.551,5.63,0.0000,-8.19,0.3510,0.0000,0.3238,0.3304
136.676,5.74,0.0000,-7.69,0.3295,0.0000,0.3172,0.3305
136.783,6.00,0.0000,-7.76,0.3324,0.0000,0.3180,0.3293
136.885,5.94,0.0000,-8.40,0.3601,0.0000,0.3265,0.3286
137.011,5.95,0.0000,-8.74,0.3747,0.0000,0.3306,0.3283
137.114,6.04,0.0000,-7.83,0.3355,0.0000,0.3190,0.3274
137.246,5.87,0.0000,-7.86,0.3369,0.0000,0.3195,0.3247
137.411,5.85,0.0000,-8.18,0.3507,0.0000,0.3236,0.3228
137.513,5.54,0.0000,-7.85,0.3364,0.0000,0.3193,0.3215
137.645,5.18,0.0000,-7.59,0.3254,0.0000,0.3158,0.3210
137.791,5.51,0.0000,-7.70,0.3300,0.0000,0.3169,0.3208
137.895,5.39,0.0000,-7.47,0.3200,0.0000,0.3139,0.3207
137.996,5.33,0.0000,-7.71,0.3303,0.0000,0.3173,0.3203
138.108,5.53,0.0000,-7.81,0.3348,0.0000,0.3187,0.3193
138.213,5.48,0.0000,-7.50,0.3214,0.0000,0.3146,0.3191
138.343,5.37,0.0000,-7.89,0.3383,0.0000,0.3199,0.3187
138.476,5.43,0.0000,-7.47,0.3202,0.0000,0.3145,0.3174
138.599,6.22,0.0000,-7.83,0.3355,0.0000,0.3190,0.3171
138.707,6.01,0.0000,-8.13,0.3484,0.0000,0.3228,0.3173
138.838,5.86,0.0000,-8.00,0.3431,0.0000,0.3211,0.3181
138.941,5.81,0.0000,-7.96,0.3413,0.0000,0.3207,0.3186
139.043,5.68,0.0000,-7.76,0.3325,0.0000,0.3176,0.3188
139.193,5.89,0.0000,-7.95,0.3405,0.0000,0.3203,0.3187
139.311,5.90,0.0000,-7.73,0.3311,0.0000,0.3173,0.3188
139.431,5.84,0.0000,-6.71,0.2874,0.0000,0.3011,0.3176
139.559,5.84,0.0000,-5.97,0.2559,0.0000,0.2758,0.3134
139.663,5.92,0.0000,-5.54,0.2375,0.0000,0.2616,0.3086
139.765,5.89,0.0000,-5.01,0.2146,0.0000,0.2437,0.3024
139.888,6.59,0.0000,-3.75,0.1607,0.0000,0.2014,0.2894
139.993,7.43,0.0000,-4.74,0.2031,0.0000,0.2342,0.2804
140.093,8.01,0.0000,-5.32,0.2279,0.0000,0.2541,0.2726
140.197,8.23,0.0000,-4.36,0.1867,0.0000,0.2219,0.2643
140.301,9.51,0.0000,-4.14,0.1773,0.0000,0.2149,0.2534
140.433,9.82,0.0000,-2.20,0.0944,0.0000,0.1504,0.2351
140.534,11.02,0.0000,-1.20,0.0514,0.0000,0.1170,0.2174
140.663,10.72,0.0000,-1.08,0.0462,0.0000,0.1130,0.1961
140.797,11.31,0.0000,-1.93,0.0829,0.0000,0.1420,0.1796
140.925,11.43,0.0000,-4.12,0.1764,0.0000,0.2153,0.1750
141.061,11.35,0.0000,-6.67,0.2858,0.0000,0.3010,0.1789
141.182,11.05,0.0000,-8.72,0.3737,0.0000,0.3314,0.1870
141.288,10.26,0.0000,-10.83,0.4640,0.0000,0.3586,0.2008
141.411,9.77,0.0000,-11.62,0.4978,0.0000,0.3688,0.2251
141.514,9.53,0.0000,-12.08,0.5179,0.0000,0.3749,0.2504
141.647,9.62,0.0000,-12.34,0.5289,0.0000,0.3781,0.2854
141.777,9.33,0.0000,-12.14,0.5201,0.0000,0.3756,0.3188
141.909,9.01,0.0000,-12.57,0.5386,0.0000,0.3812,0.3475
142.016,9.39,0.0000,-13.00,0.5573,0.0000,0.3867,0.3626
142.141,9.04,0.0000,-12.94,0.5546,0.0000,0.3860,0.3737
142.273,9.11,0.0000,-12.61,0.5406,0.0000,0.3818,0.3790
142.400,9.22,0.0000,-12.14,0.5205,0.0000,0.3758,0.3796
142.525,9.09,0.0000,-11.94,0.5119,0.0000,0.3731,0.3802
142.657,9.33,0.0000,-11.97,0.5130,0.0000,0.3734,0.3805
142.775,9.67,0.0000,-10.12,0.4337,0.0000,0.3496,0.3778
142.885,10.07,0.0000,-7.93,0.3397,0.0000,0.3213,0.3731
142.997,10.41,0.0000,-6.18,0.2648,0.0000,0.2848,0.3649
143.129,10.54,0.0000,-2.21,0.0949,0.0000,0.1517,0.3403
143.233,11.36,0.0000,-0.87,0.0375,0.0000,0.1067,0.3140
143.354,11.56,0.0000,0.49,0.0295,0.0000,0.0719,0.2830
143.473,11.59,0.0000,0.88,0.0529,0.0000,0.0676,0.2520
143.586,11.55,0.0000,1.15,0.0688,0.0000,0.0647,0.2210
143.715,12.11,0.0000,0.98,0.0590,0.0000,0.0666,0.1799
143.835,12.79,0.0000,1.15,0.0688,0.0000,0.0648,0.1498
143.953,12.77,0.0000,1.09,0.0651,0.0000,0.0655,0.1228
144.083,12.25,0.0000,0.80,0.0482,0.0000,0.0686,0.0912
144.209,12.47,0.0000,1.19,0.0716,0.0000,0.0643,0.0729
144.315,12.35,0.0000,0.93,0.0555,0.0000,0.0673,0.0671
144.416,12.37,0.0000,0.73,0.0439,0.0000,0.0694,0.0663
144.534,12.54,0.0000,0.61,0.0369,0.0000,0.0707,0.0663
144.666,12.64,0.0000,0.39,0.0236,0.0000,0.0730,0.0673
144.783,12.57,0.0000,0.60,0.0362,0.0000,0.0707,0.0682
144.893,12.38,0.0000,0.55,0.0330,0.0000,0.0712,0.0689
144.997,12.77,0.0000,0.73,0.0436,0.0000,0.0693,0.0693
145.107,12.87,0.0000,0.68,0.0410,0.0000,0.0698,0.0695
145.235,12.68,0.0000,0.43,0.0260,0.0000,0.0725,0.0704
145.336,12.78,0.0000,0.54,0.0323,0.0000,0.0714,0.0709
145.444,12.76,0.0000,0.26,0.0158,0.0000,0.0745,0.0714
145.545,12.29,0.0000,0.32,0.0190,0.0000,0.0738,0.0719
145.646,12.22,0.0000,0.19,0.0117,0.0000,0.0751,0.0720
145.774,12.24,0.0000,-0.10,0.0042,0.0000,0.0804,0.0726
145.876,12.16,0.0000,-0.12,0.0050,0.0000,0.0811,0.0736
145.996,12.19,0.0000,0.19,0.0114,0.0000,0.0753,0.0747
146.124,11.99,0.0000,-0.05,0.0023,0.0000,0.0792,0.0756
146.224,12.57,0.0000,0.17,0.0102,0.0000,0.0755,0.0759
146.326,12.84,0.0000,0.27,0.0161,0.0000,0.0745,0.0762
146.427,13.32,0.0000,0.53,0.0317,0.0000,0.0716,0.0760
146.533,13.92,0.0000,1.05,0.0627,0.0000,0.0660,0.0754
146.641,13.96,0.0000,1.71,0.1028,0.0000,0.0585,0.0741
146.748,13.47,0.0000,3.01,0.1808,0.0000,0.0691,0.0721
146.857,13.31,0.0000,4.92,0.2950,0.0000,0.1861,0.0791
146.961,13.20,0.0000,5.72,0.3431,0.0000,0.2357,0.0941
147.063,13.48,0.0000,6.16,0.3698,0.0000,0.2635,0.1130
147.164,13.26,0.0000,6.79,0.4076,0.0000,0.3022,0.1350
147.294,13.45,0.0000,6.84,0.4102,0.0000,0.3046,0.1652
147.428,13.01,0.0000,6.92,0.4151,0.0000,0.3096,0.1969
147.557,14.02,0.0000,7.44,0.4462,0.0000,0.3415,0.2317
147.659,14.29,0.0000,7.73,0.4641,0.0000,0.3595,0.2615
147.763,14.80,0.0000,8.02,0.4813,0.0000,0.3773,0.2929
147.891,14.68,0.0000,7.89,0.4731,0.0000,0.3691,0.3192
147.994,14.54,0.0000,7.54,0.4525,0.0000,0.3480,0.3299
148.126,13.63,0.0000,7.12,0.4272,0.0000,0.3224,0.3370
148.255,14.84,0.0000,6.08,0.3648,0.0000,0.2590,0.3343
148.366,15.26,0.0000,6.22,0.3731,0.0000,0.2674,0.3301
148.494,15.12,0.0000,5.32,0.3195,0.0000,0.2124,0.3243
148.623,15.73,0.0000,4.17,0.2503,0.0000,0.1414,0.3029
148.726,16.07,0.0000,3.59,0.2152,0.0000,0.1059,0.2795
148.863,15.75,0.0000,3.59,0.2151,0.0000,0.1061,0.2451
148.997,15.09,0.0000,3.51,0.2104,0.0000,0.1015,0.2112
149.126,15.64,0.0000,3.14,0.1886,0.0000,0.0788,0.1768
149.263,15.80,0.0000,2.69,0.1614,0.0000,0.0514,0.1431
149.366,16.18,0.0000,2.50,0.1502,0.0000,0.0486,0.1214
149.496,15.81,0.0000,2.59,0.1552,0.0000,0.0475,0.0955
149.629,15.64,0.0000,2.86,0.1713,0.0000,0.0613,0.0804
149.759,15.24,0.0000,2.90,0.1741,0.0000,0.0638,0.0721
149.861,15.46,0.0000,2.39,0.1434,0.0000,0.0500,0.0660
149.994,15.35,0.0000,2.61,0.1565,0.0000,0.0476,0.0579
150.106,15.25,0.0000,2.25,0.1351,0.0000,0.0515,0.0538
150.207,15.09,0.0000,2.44,0.1465,0.0000,0.0490,0.0521
150.308,14.98,0.0000,2.32,0.1392,0.0000,0.0505,0.0517
150.413,15.25,0.0000,2.52,0.1512,0.0000,0.0485,0.0517
150.541,15.32,0.0000,2.42,0.1452,0.0000,0.0494,0.0519
150.643,15.11,0.0000,1.88,0.1127,0.0000,0.0553,0.0514
150.743,14.79,0.0000,2.27,0.1361,0.0000,0.0509,0.0509
150.881,14.88,0.0000,2.15,0.1292,0.0000,0.0522,0.0508
151.007,14.36,0.0000,2.43,0.1457,0.0000,0.0492,0.0513
151.110,15.16,0.0000,2.33,0.1397,0.0000,0.0502,0.0512
151.239,14.87,0.0000,2.21,0.1326,0.0000,0.0512,0.0513
151.368,15.56,0.0000,2.01,0.1203,0.0000,0.0537,0.0518
151.471,15.33,0.0000,2.51,0.1504,0.0000,0.0478,0.0518
151.606,15.01,0.0000,2.50,0.1500,0.0000,0.0480,0.0514
151.709,15.03,0.0000,2.28,0.1367,0.0000,0.0503,0.0510
151.811,15.49,0.0000,2.22,0.1331,0.0000,0.0512,0.0511
151.943,15.70,0.0000,1.96,0.1179,0.0000,0.0539,0.0512
152.053,15.28,0.0000,2.09,0.1256,0.0000,0.0525,0.0514
152.156,15.44,0.0000,2.38,0.1425,0.0000,0.0496,0.0513
152.256,15.41,0.0000,2.26,0.1353,0.0000,0.0510,0.0512
152.356,15.18,0.0000,2.36,0.1416,0.0000,0.0501,0.0510
152.457,14.85,0.0000,2.53,0.1520,0.0000,0.0480,0.0508
152.558,15.36,0.0000,2.81,0.1683,0.0000,0.0585,0.0511
152.661,15.94,0.0000,3.44,0.2063,0.0000,0.0970,0.0555
152.791,15.34,0.0000,4.60,0.2762,0.0000,0.1682,0.0685
152.915,14.78,0.0000,5.71,0.3424,0.0000,0.2360,0.0892
153.043,14.90,0.0000,6.46,0.3878,0.0000,0.2826,0.1170
153.177,15.35,0.0000,7.07,0.4244,0.0000,0.3196,0.1515
153.280,15.07,0.0000,7.48,0.4485,0.0000,0.3443,0.1800
153.381,15.06,0.0000,7.44,0.4464,0.0000,0.3420,0.2097
153.513,14.83,0.0000,7.57,0.4541,0.0000,0.3499,0.2494
153.636,14.36,0.0000,7.89,0.4737,0.0000,0.3700,0.2870
153.746,13.95,0.0000,7.76,0.4653,0.0000,0.3615,0.3099
153.874,13.84,0.0000,7.77,0.4660,0.0000,0.3624,0.3329
154.007,14.53,0.0000,7.70,0.4623,0.0000,0.3586,0.3475
154.118,14.39,0.0000,7.61,0.4566,0.0000,0.3538,0.3538
154.221,14.69,0.0000,7.25,0.4348,0.0000,0.3313,0.3559
154.325,14.57,0.0000,6.98,0.4189,0.0000,0.3151,0.3543
154.449,15.39,0.0000,7.04,0.4221,0.0000,0.3183,0.3521
154.551,15.60,0.0000,6.88,0.4128,0.0000,0.3084,0.3491
154.681,16.72,0.0000,7.03,0.4216,0.0000,0.3175,0.3431
154.807,15.68,0.0000,6.97,0.4183,0.0000,0.3140,0.3343
154.913,14.94,0.0000,6.79,0.4077,0.0000,0.3040,0.3282
155.044,13.85,0.0000,6.58,0.3950,0.0000,0.2911,0.3191
155.151,13.91,0.0000,6.05,0.3628,0.0000,0.2588,0.3105
155.287,14.31,0.0000,5.24,0.3142,0.0000,0.2087,0.2969
155.393,14.86,0.0000,5.16,0.3097,0.0000,0.2040,0.2857
155.526,14.10,0.0000,5.18,0.3109,0.0000,0.2044,0.2700
155.637,13.25,0.0000,4.87,0.2923,0.0000,0.1852,0.2582
155.773,13.51,0.0000,5.09,0.3056,0.0000,0.1986,0.2425
155.881,13.89,0.0000,5.44,0.3266,0.0000,0.2207,0.2328
156.013,13.25,0.0000,5.15,0.3091,0.0000,0.2025,0.2209
156.116,13.11,0.0000,4.91,0.2948,0.0000,0.1879,0.2114
156.226,12.61,0.0000,4.69,0.2817,0.0000,0.1746,0.2032
156.367,12.56,0.0000,4.80,0.2880,0.0000,0.1812,0.1960
156.475,13.87,0.0000,4.37,0.2621,0.0000,0.1550,0.1907
156.578,13.39,0.0000,4.82,0.2891,0.0000,0.1824,0.1877
156.716,13.68,0.0000,4.78,0.2867,0.0000,0.1803,0.1862
156.824,12.92,0.0000,4.78,0.2866,0.0000,0.1801,0.1847
156.957,13.73,0.0000,4.54,0.2726,0.0000,0.1663,0.1809
157.058,13.20,0.0000,5.01,0.3007,0.0000,0.1946,0.1795
157.165,13.37,0.0000,5.02,0.3013,0.0000,0.1950,0.1794
157.276,14.04,0.0000,4.97,0.2979,0.0000,0.1913,0.1804
157.413,13.88,0.0000,5.12,0.3070,0.0000,0.2009,0.1832
157.541,13.88,0.0000,4.99,0.2991,0.0000,0.1930,0.1885
157.643,13.58,0.0000,5.10,0.3060,0.0000,0.2000,0.1918
157.764,13.52,0.0000,4.81,0.2886,0.0000,0.1823,0.1914
157.888,13.68,0.0000,4.73,0.2840,0.0000,0.1772,0.1906
158.013,13.71,0.0000,4.80,0.2877,0.0000,0.1811,0.1902
158.142,13.66,0.0000,5.02,0.3009,0.0000,0.1951,0.1892
158.248,13.34,0.0000,5.03,0.3016,0.0000,0.1957,0.1893
158.363,13.12,0.0000,5.09,0.3051,0.0000,0.1990,0.1899
158.465,12.62,0.0000,5.13,0.3080,0.0000,0.2019,0.1901
158.594,12.70,0.0000,4.91,0.2946,0.0000,0.1884,0.1898
158.699,12.54,0.0000,4.91,0.2946,0.0000,0.1880,0.1884
158.806,12.91,0.0000,5.08,0.3046,0.0000,0.1993,0.1909
158.907,13.05,0.0000,5.19,0.3112,0.0000,0.2056,0.1938
159.041,12.66,0.0000,5.23,0.3139,0.0000,0.2079,0.1979
159.148,13.47,0.0000,5.41,0.3245,0.0000,0.2187,0.2008
159.251,14.27,0.0000,6.32,0.3790,0.0000,0.2747,0.2070
159.376,13.20,0.0000,7.66,0.4597,0.0000,0.3566,0.2241
159.484,12.25,0.0000,8.59,0.5156,0.0000,0.4131,0.2437
159.590,12.15,0.0000,8.98,0.5391,0.0000,0.4366,0.2669
159.693,12.88,0.0000,9.25,0.5547,0.0000,0.4522,0.2920
159.813,12.49,0.0000,9.36,0.5615,0.0000,0.4590,0.3184
159.921,11.20,0.0000,9.84,0.5905,0.0000,0.4884,0.3460
160.025,10.12,0.0000,9.67,0.5801,0.0000,0.4775,0.3733
160.125,9.85,0.0000,9.64,0.5785,0.0000,0.4757,0.3998
160.259,9.57,0.0000,9.42,0.5651,0.0000,0.4619,0.4321
160.396,9.64,0.0000,9.46,0.5675,0.0000,0.4643,0.4441
160.498,9.35,0.0000,9.04,0.5425,0.0000,0.4386,0.4555
160.632,9.74,0.0000,9.14,0.5486,0.0000,0.4448,0.4608
160.741,9.73,0.0000,9.45,0.5669,0.0000,0.4634,0.4628
160.874,10.48,0.0000,9.51,0.5707,0.0000,0.4673,0.4653
161.006,9.90,0.0000,9.12,0.5471,0.0000,0.4433,0.4633
161.109,9.49,0.0000,8.67,0.5200,0.0000,0.4159,0.4578
161.232,11.20,0.0000,6.76,0.4054,0.0000,0.2987,0.4368
161.341,11.54,0.0000,6.40,0.3840,0.0000,0.2773,0.4177
161.468,12.03,0.0000,5.12,0.3069,0.0000,0.1992,0.3862
161.571,12.19,0.0000,5.86,0.3517,0.0000,0.2451,0.3659
161.673,11.76,0.0000,5.12,0.3072,0.0000,0.2003,0.3423
161.775,11.62,0.0000,4.84,0.2902,0.0000,0.1827,0.3153
161.962,11.29,0.0000,4.89,0.2932,0.0000,0.1864,0.2783
162.063,11.54,0.0000,4.95,0.2969,0.0000,0.1901,0.2526
162.194,12.33,0.0000,4.56,0.2734,0.0000,0.1658,0.2199
162.326,12.35,0.0000,4.39,0.2633,0.0000,0.1552,0.2002
162.431,11.58,0.0000,4.54,0.2723,0.0000,0.1651,0.1899
162.557,11.22,0.0000,4.44,0.2661,0.0000,0.1586,0.1832
162.658,11.32,0.0000,3.50,0.2098,0.0000,0.1009,0.1730
162.761,11.62,0.0000,3.73,0.2239,0.0000,0.1155,0.1631
162.894,12.27,0.0000,3.65,0.2189,0.0000,0.1103,0.1528
163.026,11.97,0.0000,3.36,0.2018,0.0000,0.0931,0.1400
163.126,11.49,0.0000,3.78,0.2268,0.0000,0.1186,0.1338
163.233,12.17,0.0000,3.89,0.2336,0.0000,0.1254,0.1302
163.357,12.93,0.0000,3.50,0.2102,0.0000,0.1013,0.1225
163.463,12.13,0.0000,3.71,0.2226,0.0000,0.1140,0.1164
163.594,12.41,0.0000,2.95,0.1770,0.0000,0.0674,0.1036
163.725,11.73,0.0000,3.93,0.2359,0.0000,0.1272,0.1034
163.828,11.97,0.0000,3.97,0.2384,0.0000,0.1296,0.1045
163.938,12.39,0.0000,4.00,0.2400,0.0000,0.1312,0.1067
164.039,12.49,0.0000,3.60,0.2161,0.0000,0.1067,0.1067
164.166,11.63,0.0000,3.60,0.2159,0.0000,0.1066,0.1061
164.286,12.02,0.0000,3.78,0.2270,0.0000,0.1179,0.1052
164.386,12.37,0.0000,3.30,0.1979,0.0000,0.0878,0.1056
164.493,12.26,0.0000,3.50,0.2098,0.0000,0.0999,0.1042
164.629,11.58,0.0000,3.48,0.2089,0.0000,0.0990,0.1087
164.768,11.50,0.0000,4.12,0.2473,0.0000,0.1385,0.1110
164.873,11.72,0.0000,4.18,0.2507,0.0000,0.1422,0.1127
164.976,11.91,0.0000,3.30,0.1983,0.0000,0.0888,0.1121
165.077,11.37,0.0000,3.26,0.1957,0.0000,0.0859,0.1115
165.206,11.78,0.0000,3.49,0.2095,0.0000,0.1001,0.1101
165.310,12.09,0.0000,3.71,0.2229,0.0000,0.1142,0.1088
165.438,12.25,0.0000,3.67,0.2201,0.0000,0.1115,0.1096
165.544,12.73,0.0000,3.09,0.1857,0.0000,0.0764,0.1084
165.677,12.60,0.0000,3.20,0.1923,0.0000,0.0828,0.1064
165.813,13.11,0.0000,3.32,0.1990,0.0000,0.0900,0.1005
165.941,12.98,0.0000,4.30,0.2581,0.0000,0.1501,0.0978
166.075,11.41,0.0000,4.33,0.2595,0.0000,0.1512,0.1058
166.178,11.08,0.0000,3.84,0.2305,0.0000,0.1216,0.1077
166.308,11.68,0.0000,4.09,0.2454,0.0000,0.1368,0.1122
166.435,11.15,0.0000,3.33,0.1999,0.0000,0.0903,0.1136
166.551,11.09,0.0000,3.84,0.2305,0.0000,0.1217,0.1166
166.656,12.11,0.0000,4.41,0.2647,0.0000,0.1569,0.1219
166.795,13.14,0.0000,5.06,0.3037,0.0000,0.1967,0.1334
166.924,11.27,0.0000,6.52,0.3913,0.0000,0.2862,0.1537
167.044,10.36,0.0000,8.44,0.5065,0.0000,0.4035,0.1837
167.159,10.49,0.0000,9.18,0.5506,0.0000,0.4482,0.2148
167.265,10.11,0.0000,11.12,0.6670,0.0000,0.5315,0.2510
167.440,9.72,0.0000,12.39,0.7434,0.0000,0.5540,0.3074
167.541,10.75,0.0000,12.61,0.7564,0.0000,0.5576,0.3520
167.644,10.79,0.0000,12.63,0.7579,0.0000,0.5579,0.3955
167.776,10.71,0.0000,12.55,0.7532,0.0000,0.5563,0.4486
167.907,9.66,0.0000,12.34,0.7401,0.0000,0.5523,0.4941
168.044,10.31,0.0000,12.16,0.7296,0.0000,0.5491,0.5259
168.178,10.70,0.0000,12.21,0.7326,0.0000,0.5500,0.5358
168.281,10.93,0.0000,12.01,0.7204,0.0000,0.5464,0.5470
168.408,11.85,0.0000,11.87,0.7120,0.0000,0.5439,0.5519
168.513,12.32,0.0000,11.91,0.7146,0.0000,0.5447,0.5510
168.641,12.03,0.0000,11.40,0.6840,0.0000,0.5356,0.5487
168.743,11.10,0.0000,11.17,0.6703,0.0000,0.5314,0.5462
168.847,11.00,0.0000,11.17,0.6699,0.0000,0.5313,0.5439
168.974,11.34,0.0000,11.02,0.6613,0.0000,0.5287,0.5404
169.076,10.87,0.0000,11.22,0.6734,0.0000,0.5323,0.5383
169.176,10.18,0.0000,11.12,0.6672,0.0000,0.5304,0.5365
169.287,10.01,0.0000,10.92,0.6551,0.0000,0.5268,0.5347
169.387,10.66,0.0000,10.59,0.6356,0.0000,0.5210,0.5328
169.494,11.02,0.0000,10.44,0.6261,0.0000,0.5182,0.5306
169.606,12.05,0.0000,10.16,0.6099,0.0000,0.5075,0.5271
169.729,12.43,0.0000,10.36,0.6215,0.0000,0.5170,0.5257
169.836,11.72,0.0000,10.59,0.6352,0.0000,0.5212,0.5240
169.973,10.61,0.0000,10.96,0.6576,0.0000,0.5278,0.5231
170.074,10.57,0.0000,11.05,0.6629,0.0000,0.5293,0.5233
170.214,10.59,0.0000,10.83,0.6498,0.0000,0.5255,0.5222
170.315,10.92,0.0000,11.07,0.6639,0.0000,0.5296,0.5220
170.444,11.34,0.0000,11.24,0.6747,0.0000,0.5329,0.5227
170.549,11.07,0.0000,10.62,0.6373,0.0000,0.5217,0.5232
170.661,11.30,0.0000,11.03,0.6619,0.0000,0.5291,0.5247
170.765,11.34,0.0000,10.52,0.6310,0.0000,0.5198,0.5257
170.876,11.40,0.0000,10.03,0.6018,0.0000,0.4995,0.5251
171.005,11.10,0.0000,10.18,0.6110,0.0000,0.5088,0.5221
171.111,10.26,0.0000,10.64,0.6385,0.0000,0.5221,0.5211
171.296,11.52,0.0000,10.11,0.6064,0.0000,0.5041,0.5199
171.401,12.08,0.0000,10.10,0.6061,0.0000,0.5038,0.5174
171.508,10.55,0.0000,10.10,0.6062,0.0000,0.5039,0.5150
171.613,10.56,0.0000,10.33,0.6198,0.0000,0.5165,0.5127
171.716,10.38,0.0000,10.11,0.6065,0.0000,0.5042,0.5114
171.846,10.35,0.0000,10.34,0.6202,0.0000,0.5168,0.5102
171.975,10.45,0.0000,10.03,0.6017,0.0000,0.4993,0.5098
172.112,11.14,0.0000,10.19,0.6116,0.0000,0.5095,0.5110
172.243,11.28,0.0000,9.96,0.5973,0.0000,0.4949,0.5076
172.373,11.06,0.0000,9.80,0.5883,0.0000,0.4856,0.5060
172.477,10.37,0.0000,9.44,0.5662,0.0000,0.4630,0.5022
172.583,10.09,0.0000,9.60,0.5762,0.0000,0.4733,0.4986
172.691,10.84,0.0000,9.46,0.5676,0.0000,0.4646,0.4936
172.854,11.00,0.0000,9.29,0.5575,0.0000,0.4542,0.4881
172.961,10.55,0.0000,9.04,0.5425,0.0000,0.4389,0.4814
173.094,10.91,0.0000,9.04,0.5427,0.0000,0.4390,0.4722
173.221,11.20,0.0000,9.00,0.5400,0.0000,0.4362,0.4617
173.331,11.36,0.0000,9.04,0.5423,0.0000,0.4389,0.4565
173.463,10.75,0.0000,8.81,0.5289,0.0000,0.4251,0.4475
173.601,10.29,0.0000,8.80,0.5281,0.0000,0.4242,0.4418
173.724,10.38,0.0000,9.09,0.5452,0.0000,0.4417,0.4364
173.827,11.12,0.0000,9.00,0.5401,0.0000,0.4364,0.4342
173.957,11.02,0.0000,8.79,0.5272,0.0000,0.4232,0.4314
174.063,11.47,0.0000,9.08,0.5449,0.0000,0.4414,0.4313
174.194,10.77,0.0000,8.70,0.5220,0.0000,0.4180,0.4310
174.323,10.45,0.0000,8.90,0.5338,0.0000,0.4300,0.4299
174.436,10.85,0.0000,8.84,0.5302,0.0000,0.4263,0.4306
174.543,12.08,0.0000,9.21,0.5524,0.0000,0.4491,0.4320
174.647,11.94,0.0000,9.23,0.5536,0.0000,0.4505,0.4331
174.751,10.85,0.0000,9.20,0.5518,0.0000,0.4488,0.4356
174.873,11.12,0.0000,8.92,0.5350,0.0000,0.4315,0.4355
174.976,11.27,0.0000,8.98,0.5388,0.0000,0.4354,0.4353
175.103,11.08,0.0000,8.31,0.4986,0.0000,0.3946,0.4328
175.204,10.76,0.0000,8.46,0.5073,0.0000,0.4034,0.4287
175.343,9.73,0.0000,8.28,0.4969,0.0000,0.3928,0.4244
175.449,10.65,0.0000,8.02,0.4810,0.0000,0.3770,0.4188
175.583,10.96,0.0000,8.05,0.4832,0.0000,0.3793,0.4123
175.714,11.08,0.0000,8.13,0.4879,0.0000,0.3844,0.4031
175.825,11.14,0.0000,8.30,0.4978,0.0000,0.3943,0.3978
175.957,11.06,0.0000,8.18,0.4911,0.0000,0.3872,0.3924
176.064,11.72,0.0000,7.87,0.4724,0.0000,0.3678,0.3868
176.194,11.40,0.0000,7.89,0.4737,0.0000,0.3693,0.3833
176.387,11.08,0.0000,7.97,0.4783,0.0000,0.3738,0.3799
176.511,11.10,0.0000,8.00,0.4800,0.0000,0.3753,0.3790
176.615,11.27,0.0000,7.83,0.4700,0.0000,0.3651,0.3780
176.725,12.34,0.0000,7.77,0.4662,0.0000,0.3611,0.3761
176.829,12.68,0.0000,7.89,0.4731,0.0000,0.3683,0.3748
176.963,12.26,0.0000,7.50,0.4501,0.0000,0.3452,0.3690
177.093,11.60,0.0000,7.77,0.4662,0.0000,0.3615,0.3667
177.222,11.10,0.0000,7.80,0.4683,0.0000,0.3636,0.3662
177.333,11.65,0.0000,7.57,0.4541,0.0000,0.3488,0.3649
177.465,12.95,0.0000,7.67,0.4600,0.0000,0.3552,0.3627
177.596,11.27,0.0000,7.80,0.4678,0.0000,0.3629,0.3603
177.708,11.50,0.0000,7.74,0.4642,0.0000,0.3599,0.3598
177.812,11.89,0.0000,7.64,0.4585,0.0000,0.3540,0.3585
177.938,11.29,0.0000,7.65,0.4589,0.0000,0.3545,0.3576
178.041,10.83,0.0000,7.25,0.4349,0.0000,0.3305,0.3558
178.199,10.82,0.0000,6.89,0.4135,0.0000,0.3084,0.3513
178.331,10.90,0.0000,6.68,0.4007,0.0000,0.2958,0.3440
178.443,10.37,0.0000,6.19,0.3716,0.0000,0.2659,0.3363
178.551,11.55,0.0000,5.95,0.3569,0.0000,0.2508,0.3263
178.681,11.30,0.0000,5.58,0.3348,0.0000,0.2282,0.3074
178.807,11.59,0.0000,5.21,0.3125,0.0000,0.2059,0.2882
178.909,11.34,0.0000,5.33,0.3201,0.0000,0.2142,0.2743
179.013,10.66,0.0000,5.26,0.3156,0.0000,0.2098,0.2594
179.117,10.33,0.0000,5.73,0.3436,0.0000,0.2388,0.2486
179.246,9.63,0.0000,5.07,0.3041,0.0000,0.1980,0.2340
179.347,9.97,0.0000,4.87,0.2920,0.0000,0.1855,0.2234
179.475,10.34,0.0000,4.26,0.2553,0.0000,0.1482,0.2067
179.580,9.88,0.0000,3.32,0.1994,0.0000,0.0902,0.1956
179.686,9.35,0.0000,3.83,0.2299,0.0000,0.1227,0.1862
179.820,8.65,0.0000,3.71,0.2228,0.0000,0.1146,0.1736
179.941,8.95,0.0000,3.81,0.2288,0.0000,0.1213,0.1646
180.060,8.67,0.0000,3.33,0.2000,0.0000,0.0917,0.1542
180.164,8.36,0.0000,2.83,0.1700,0.0000,0.0615,0.1378
180.273,8.16,0.0000,2.66,0.1594,0.0000,0.0506,0.1221
180.381,8.33,0.0000,2.66,0.1594,0.0000,0.0500,0.1071
180.512,8.34,0.0000,2.96,0.1775,0.0000,0.0678,0.0931
180.617,8.20,0.0000,2.24,0.1341,0.0000,0.0515,0.0837
180.720,8.13,0.0000,2.42,0.1451,0.0000,0.0494,0.0772
180.826,8.14,0.0000,2.48,0.1487,0.0000,0.0485,0.0698
180.961,7.68,0.0000,2.12,0.1270,0.0000,0.0521,0.0608
181.063,8.19,0.0000,1.87,0.1121,0.0000,0.0553,0.0552
181.194,8.01,0.0000,1.87,0.1121,0.0000,0.0554,0.0530
181.321,8.27,0.0000,2.71,0.1625,0.0000,0.0531,0.0525
181.423,8.13,0.0000,2.05,0.1232,0.0000,0.0530,0.0528
181.525,7.92,0.0000,2.44,0.1463,0.0000,0.0490,0.0522
181.628,7.80,0.0000,2.25,0.1348,0.0000,0.0510,0.0520
181.758,8.17,0.0000,2.03,0.1216,0.0000,0.0534,0.0523
181.859,7.89,0.0000,1.95,0.1172,0.0000,0.0546,0.0528
181.993,7.90,0.0000,2.00,0.1201,0.0000,0.0544,0.0531
182.096,7.72,0.0000,2.23,0.1336,0.0000,0.0520,0.0528
182.225,7.80,0.0000,2.42,0.1451,0.0000,0.0490,0.0519
182.356,7.76,0.0000,2.24,0.1344,0.0000,0.0512,0.0517
182.460,7.46,0.0000,2.30,0.1383,0.0000,0.0505,0.0514
182.591,7.99,0.0000,2.17,0.1300,0.0000,0.0522,0.0516
182.691,7.86,0.0000,2.83,0.1699,0.0000,0.0597,0.0518
182.822,7.87,0.0000,3.19,0.1917,0.0000,0.0818,0.0543
182.948,7.80,0.0000,3.59,0.2151,0.0000,0.1057,0.0601
183.075,8.01,0.0000,3.52,0.2111,0.0000,0.1014,0.0671
183.206,8.75,0.0000,3.67,0.2200,0.0000,0.1102,0.0760
183.307,8.24,0.0000,3.84,0.2304,0.0000,0.1210,0.0829
183.407,8.31,0.0000,3.44,0.2064,0.0000,0.0963,0.0893
183.512,8.28,0.0000,3.69,0.2215,0.0000,0.1119,0.0961
183.613,8.14,0.0000,3.62,0.2173,0.0000,0.1074,0.1022
183.715,8.13,0.0000,3.52,0.2111,0.0000,0.1012,0.1072
183.819,8.43,0.0000,3.57,0.2143,0.0000,0.1045,0.1102
183.926,7.93,0.0000,3.58,0.2151,0.0000,0.1051,0.1105
184.027,7.98,0.0000,3.58,0.2147,0.0000,0.1047,0.1104
184.161,7.90,0.0000,3.59,0.2151,0.0000,0.1052,0.1103
184.293,7.77,0.0000,3.20,0.1919,0.0000,0.0812,0.1044
184.393,7.88,0.0000,3.57,0.2145,0.0000,0.1046,0.1018
184.495,7.48,0.0000,3.39,0.2031,0.0000,0.0931,0.1006
184.628,8.02,0.0000,3.41,0.2046,0.0000,0.0947,0.0980
184.755,7.75,0.0000,3.37,0.2020,0.0000,0.0923,0.0962
184.863,7.58,0.0000,3.31,0.1984,0.0000,0.0882,0.0947
184.997,7.56,0.0000,3.27,0.1960,0.0000,0.0856,0.0921
185.131,7.83,0.0000,3.35,0.2009,0.0000,0.0905,0.0897
185.251,7.97,0.0000,3.51,0.2108,0.0000,0.1005,0.0914
185.376,7.80,0.0000,3.26,0.1957,0.0000,0.0847,0.0906
185.479,8.03,0.0000,3.32,0.1990,0.0000,0.0882,0.0892
185.590,7.98,0.0000,3.37,0.2022,0.0000,0.0918,0.0887
185.691,7.68,0.0000,3.16,0.1899,0.0000,0.0792,0.0881
185.821,7.43,0.0000,3.14,0.1887,0.0000,0.0781,0.0861
185.953,7.47,0.0000,2.90,0.1739,0.0000,0.0633,0.0829
186.054,7.79,0.0000,3.20,0.1920,0.0000,0.0817,0.0818
186.183,7.62,0.0000,2.66,0.1598,0.0000,0.0487,0.0790
186.290,7.58,0.0000,3.28,0.1970,0.0000,0.0872,0.0773
186.390,7.06,0.0000,3.81,0.2286,0.0000,0.1196,0.0815
186.503,6.76,0.0000,3.20,0.1917,0.0000,0.0818,0.0823
186.607,7.21,0.0000,3.03,0.1818,0.0000,0.0720,0.0813
186.709,7.64,0.0000,2.39,0.1432,0.0000,0.0502,0.0787
186.837,8.17,0.0000,1.69,0.1016,0.0000,0.0575,0.0759
186.946,8.01,0.0000,2.53,0.1519,0.0000,0.0482,0.0755
187.072,8.07,0.0000,2.16,0.1296,0.0000,0.0526,0.0730
187.176,8.05,0.0000,2.40,0.1439,0.0000,0.0497,0.0704
187.310,7.99,0.0000,2.00,0.1202,0.0000,0.0545,0.0679
187.426,7.89,0.0000,1.80,0.1079,0.0000,0.0568,0.0609
187.558,7.76,0.0000,1.70,0.1023,0.0000,0.0578,0.0565
187.692,7.46,0.0000,2.06,0.1235,0.0000,0.0538,0.0541
187.793,7.77,0.0000,2.03,0.1220,0.0000,0.0544,0.0544
187.903,8.04,0.0000,1.80,0.1078,0.0000,0.0571,0.0544
188.013,7.91,0.0000,2.16,0.1295,0.0000,0.0533,0.0545
188.115,8.55,0.0000,1.22,0.0735,0.0000,0.0635,0.0552
188.240,8.13,0.0000,1.51,0.0907,0.0000,0.0602,0.0567
188.340,8.11,0.0000,1.40,0.0842,0.0000,0.0613,0.0572
188.454,8.19,0.0000,1.14,0.0686,0.0000,0.0644,0.0579
188.587,7.52,0.0000,1.49,0.0894,0.0000,0.0607,0.0585
188.691,7.79,0.0000,1.23,0.0740,0.0000,0.0635,0.0597
188.791,7.80,0.0000,0.15,0.0090,0.0000,0.0755,0.0614
188.893,7.57,0.0000,-0.24,0.0104,0.0000,0.0852,0.0637
189.020,7.76,0.0000,-2.23,0.0956,0.0000,0.1520,0.0740
189.124,7.64,0.0000,-3.23,0.1383,0.0000,0.1851,0.0856
189.224,6.83,0.0000,-2.26,0.0969,0.0000,0.1526,0.0969
189.326,7.23,0.0000,-1.00,0.0430,0.0000,0.1103,0.1028
189.427,7.22,0.0000,0.64,0.0385,0.0000,0.0694,0.1046
189.563,7.36,0.0000,1.34,0.0803,0.0000,0.0614,0.1049
189.696,7.81,0.0000,1.05,0.0630,0.0000,0.0648,0.1050
189.828,8.20,0.0000,0.81,0.0487,0.0000,0.0677,0.1042
189.960,8.49,0.0000,0.26,0.0155,0.0000,0.0738,0.1001
190.063,8.26,0.0000,0.33,0.0200,0.0000,0.0726,0.0922
190.165,8.51,0.0000,0.19,0.0114,0.0000,0.0740,0.0811
190.290,8.46,0.0000,-0.09,0.0038,0.0000,0.0789,0.0722
190.391,8.41,0.0000,0.10,0.0059,0.0000,0.0747,0.0706
190.495,8.25,0.0000,0.61,0.0367,0.0000,0.0691,0.0711
190.628,8.72,0.0000,0.40,0.0239,0.0000,0.0711,0.0721
190.743,8.72,0.0000,0.36,0.0216,0.0000,0.0716,0.0729
190.876,8.49,0.0000,-0.60,0.0256,0.0000,0.0951,0.0758
191.005,8.70,0.0000,-0.13,0.0057,0.0000,0.0799,0.0769
191.107,8.91,0.0000,-0.49,0.0211,0.0000,0.0921,0.0782
191.209,8.53,0.0000,-1.35,0.0579,0.0000,0.1206,0.0813
191.311,8.23,0.0000,-1.34,0.0573,0.0000,0.1202,0.0853
191.441,7.86,0.0000,-1.80,0.0770,0.0000,0.1358,0.0933
191.551,8.20,0.0000,-2.73,0.1171,0.0000,0.1669,0.1004
191.653,8.08,0.0000,-3.63,0.1555,0.0000,0.1967,0.1114
191.758,7.68,0.0000,-3.42,0.1467,0.0000,0.1895,0.1234
191.891,7.44,0.0000,-3.50,0.1498,0.0000,0.1922,0.1377
192.025,7.24,0.0000,-3.59,0.1539,0.0000,0.1958,0.1524
192.127,7.07,0.0000,-3.66,0.1569,0.0000,0.1982,0.1635
192.245,6.39,0.0000,-3.97,0.1702,0.0000,0.2088,0.1770
192.353,6.36,0.0000,-3.50,0.1500,0.0000,0.1927,0.1837
192.453,6.20,0.0000,-4.41,0.1891,0.0000,0.2230,0.1925
192.558,5.76,0.0000,-4.70,0.2016,0.0000,0.2327,0.2020
192.691,5.63,0.0000,-4.71,0.2018,0.0000,0.2330,0.2092
192.831,5.57,0.0000,-5.08,0.2179,0.0000,0.2457,0.2157
192.943,5.81,0.0000,-4.80,0.2059,0.0000,0.2365,0.2202
193.074,5.75,0.0000,-3.96,0.1697,0.0000,0.2083,0.2224
193.204,5.88,0.0000,-4.03,0.1727,0.0000,0.2107,0.2234
193.307,5.80,0.0000,-3.94,0.1687,0.0000,0.2079,0.2236
193.414,5.80,0.0000,-3.98,0.1705,0.0000,0.2091,0.2246
193.547,5.82,0.0000,-3.68,0.1578,0.0000,0.1993,0.2192
193.659,5.92,0.0000,-3.99,0.1710,0.0000,0.2096,0.2154
193.759,5.99,0.0000,-3.97,0.1700,0.0000,0.2087,0.2124
193.860,5.68,0.0000,-4.10,0.1759,0.0000,0.2133,0.2075
194.012,5.62,0.0000,-4.24,0.1819,0.0000,0.2178,0.2053
194.115,6.02,0.0000,-4.19,0.1797,0.0000,0.2164,0.2063
194.238,6.19,0.0000,-4.53,0.1940,0.0000,0.2273,0.2083
194.355,5.91,0.0000,-4.45,0.1906,0.0000,0.2247,0.2100
194.487,6.08,0.0000,-3.60,0.1543,0.0000,0.1961,0.2089
194.610,6.41,0.0000,-3.25,0.1395,0.0000,0.1846,0.2091
194.721,6.42,0.0000,-2.68,0.1149,0.0000,0.1653,0.2061
194.847,6.48,0.0000,-0.52,0.0222,0.0000,0.0929,0.1951
194.950,6.62,0.0000,0.84,0.0502,0.0000,0.0661,0.1815
195.055,6.54,0.0000,2.28,0.1366,0.0000,0.0490,0.1653
195.157,6.74,0.0000,2.41,0.1444,0.0000,0.0475,0.1484
195.291,6.31,0.0000,2.58,0.1546,0.0000,0.0476,0.1244
195.423,6.65,0.0000,2.53,0.1518,0.0000,0.0468,0.1025
195.523,6.73,0.0000,2.33,0.1398,0.0000,0.0488,0.0872
195.627,6.55,0.0000,2.42,0.1453,0.0000,0.0471,0.0732
195.755,6.87,0.0000,2.46,0.1478,0.0000,0.0474,0.0576
195.857,6.49,0.0000,2.46,0.1475,0.0000,0.0475,0.0514
195.988,7.30,0.0000,1.75,0.1052,0.0000,0.0542,0.0486
196.093,7.48,0.0000,1.86,0.1115,0.0000,0.0540,0.0489
196.193,7.68,0.0000,2.03,0.1217,0.0000,0.0526,0.0494
196.327,7.96,0.0000,2.34,0.1404,0.0000,0.0496,0.0498
196.428,8.20,0.0000,2.62,0.1573,0.0000,0.0476,0.0498
196.557,8.97,0.0000,3.39,0.2034,0.0000,0.0947,0.0539
196.683,9.86,0.0000,5.53,0.3315,0.0000,0.2256,0.0704
196.791,9.96,0.0000,6.56,0.3935,0.0000,0.2886,0.0930
196.926,10.28,0.0000,7.82,0.4695,0.0000,0.3661,0.1308
197.041,10.67,0.0000,8.62,0.5173,0.0000,0.4147,0.1656
197.141,10.71,0.0000,9.22,0.5534,0.0000,0.4514,0.2035
197.263,10.06,0.0000,10.21,0.6127,0.0000,0.5119,0.2596
197.388,10.50,0.0000,10.24,0.6146,0.0000,0.5136,0.3216
197.493,11.09,0.0000,10.43,0.6260,0.0000,0.5195,0.3675
197.593,11.43,0.0000,10.07,0.6040,0.0000,0.5028,0.4086
197.693,11.52,0.0000,9.58,0.5750,0.0000,0.4754,0.4387
197.794,12.56,0.0000,9.31,0.5584,0.0000,0.4585,0.4585
197.923,12.20,0.0000,9.41,0.5646,0.0000,0.4692,0.4760
198.026,12.42,0.0000,8.85,0.5309,0.0000,0.4362,0.4806
198.133,12.33,0.0000,8.88,0.5330,0.0000,0.4381,0.4817
198.267,11.71,0.0000,8.66,0.5195,0.0000,0.4262,0.4795
198.370,12.22,0.0000,8.40,0.5040,0.0000,0.4098,0.4710
198.493,12.51,0.0000,8.47,0.5082,0.0000,0.4128,0.4611
198.594,12.91,0.0000,8.70,0.5223,0.0000,0.4281,0.4526
198.695,12.76,0.0000,8.44,0.5065,0.0000,0.4121,0.4434
198.801,11.96,0.0000,8.56,0.5135,0.0000,0.4246,0.4360
198.903,11.21,0.0000,8.35,0.5011,0.0000,0.4097,0.4300
199.006,11.36,0.0000,8.36,0.5013,0.0000,0.4096,0.4255
199.106,11.43,0.0000,8.19,0.4917,0.0000,0.3994,0.4201
199.221,11.49,0.0000,8.35,0.5009,0.0000,0.4081,0.4168
199.360,11.53,0.0000,7.86,0.4714,0.0000,0.3795,0.4119
199.496,11.37,0.0000,8.05,0.4830,0.0000,0.3901,0.4079
199.602,11.63,0.0000,7.99,0.4792,0.0000,0.3850,0.4039
199.715,11.19,0.0000,8.03,0.4819,0.0000,0.3863,0.3991
199.823,11.75,0.0000,8.19,0.4913,0.0000,0.3966,0.3964
199.928,11.81,0.0000,7.92,0.4753,0.0000,0.3799,0.3949
200.043,11.45,0.0000,7.95,0.4769,0.0000,0.3803,0.3919
200.147,11.04,0.0000,7.75,0.4653,0.0000,0.3687,0.3878
200.273,10.70,0.0000,7.80,0.4679,0.0000,0.3710,0.3817
200.375,11.19,0.0000,7.35,0.4411,0.0000,0.3436,0.3769
200.507,10.96,0.0000,7.37,0.4420,0.0000,0.3445,0.3703
200.621,10.86,0.0000,7.52,0.4510,0.0000,0.3533,0.3659
200.723,11.14,0.0000,7.51,0.4509,0.0000,0.3532,0.3624
200.849,10.94,0.0000,7.46,0.4477,0.0000,0.3516,0.3598
200.953,11.07,0.0000,7.48,0.4489,0.0000,0.3518,0.3561
201.056,10.35,0.0000,6.75,0.4049,0.0000,0.3066,0.3516
201.187,10.68,0.0000,6.68,0.4008,0.0000,0.3012,0.3428
201.298,10.79,0.0000,6.18,0.3709,0.0000,0.2716,0.3367
201.435,10.69,0.0000,6.52,0.3911,0.0000,0.2926,0.3268
201.550,10.00,0.0000,6.12,0.3670,0.0000,0.2694,0.3203
201.709,10.17,0.0000,6.09,0.3657,0.0000,0.2673,0.3137
201.833,9.93,0.0000,6.49,0.3893,0.0000,0.2906,0.3043
201.966,9.96,0.0000,5.84,0.3501,0.0000,0.2491,0.2945
202.085,9.80,0.0000,5.85,0.3510,0.0000,0.2488,0.2843
202.194,9.77,0.0000,5.42,0.3250,0.0000,0.2223,0.2748
202.319,9.59,0.0000,5.46,0.3278,0.0000,0.2260,0.2650
202.420,9.45,0.0000,5.11,0.3063,0.0000,0.2038,0.2580
202.530,9.48,0.0000,5.07,0.3043,0.0000,0.2007,0.2493
202.656,9.58,0.0000,4.92,0.2953,0.0000,0.1917,0.2383
202.757,8.95,0.0000,4.78,0.2870,0.0000,0.1839,0.2299
202.890,9.29,0.0000,4.58,0.2746,0.0000,0.1717,0.2157
203.023,9.13,0.0000,4.43,0.2661,0.0000,0.1639,0.2035
203.125,8.87,0.0000,4.46,0.2674,0.0000,0.1655,0.1951
203.228,8.97,0.0000,4.50,0.2699,0.0000,0.1671,0.1891
203.363,8.88,0.0000,4.54,0.2722,0.0000,0.1691,0.1810
203.491,9.18,0.0000,4.54,0.2727,0.0000,0.1684,0.1757
203.593,8.79,0.0000,4.51,0.2706,0.0000,0.1659,0.1732
203.698,9.19,0.0000,3.99,0.2394,0.0000,0.1336,0.1682
203.831,8.75,0.0000,3.85,0.2312,0.0000,0.1257,0.1604
203.942,8.37,0.0000,3.54,0.2122,0.0000,0.1069,0.1542
204.071,8.54,0.0000,3.44,0.2065,0.0000,0.1000,0.1450
204.173,8.47,0.0000,3.20,0.1923,0.0000,0.0856,0.1376
204.273,8.01,0.0000,2.79,0.1675,0.0000,0.0595,0.1280
204.374,8.10,0.0000,2.31,0.1384,0.0000,0.0483,0.1169
204.487,8.02,0.0000,2.46,0.1476,0.0000,0.0468,0.1048
204.596,8.03,0.0000,2.35,0.1413,0.0000,0.0477,0.0927
204.697,7.85,0.0000,2.41,0.1447,0.0000,0.0470,0.0820
204.804,8.05,0.0000,2.40,0.1443,0.0000,0.0479,0.0739
204.908,7.93,0.0000,1.63,0.0976,0.0000,0.0567,0.0668
205.040,7.16,0.0000,1.56,0.0937,0.0000,0.0575,0.0603
205.151,7.51,0.0000,0.87,0.0519,0.0000,0.0655,0.0562
205.256,7.38,0.0000,0.74,0.0446,0.0000,0.0669,0.0544
205.361,7.30,0.0000,1.09,0.0654,0.0000,0.0629,0.0547
205.471,6.52,0.0000,0.67,0.0401,0.0000,0.0679,0.0562
205.572,6.42,0.0000,0.33,0.0199,0.0000,0.0720,0.0586
205.698,6.48,0.0000,0.76,0.0455,0.0000,0.0674,0.0609
205.826,6.47,0.0000,0.59,0.0356,0.0000,0.0687,0.0636
205.926,6.36,0.0000,0.41,0.0247,0.0000,0.0711,0.0655
206.076,5.96,0.0000,0.53,0.0316,0.0000,0.0703,0.0677
206.180,5.99,0.0000,0.71,0.0425,0.0000,0.0677,0.0687
206.291,6.45,0.0000,0.50,0.0299,0.0000,0.0703,0.0688
206.423,6.49,0.0000,0.55,0.0331,0.0000,0.0692,0.0693
206.525,6.35,0.0000,0.58,0.0350,0.0000,0.0690,0.0696
206.659,6.88,0.0000,0.59,0.0351,0.0000,0.0687,0.0693
206.760,6.80,0.0000,0.16,0.0095,0.0000,0.0736,0.0697
206.889,6.43,0.0000,-0.07,0.0029,0.0000,0.0781,0.0708
206.992,6.66,0.0000,-0.01,0.0004,0.0000,0.0761,0.0713
207.123,6.73,0.0000,-0.05,0.0022,0.0000,0.0778,0.0726
207.236,6.72,0.0000,0.06,0.0033,0.0000,0.0753,0.0736
207.336,6.79,0.0000,0.10,0.0063,0.0000,0.0746,0.0742
207.437,6.68,0.0000,-0.05,0.0021,0.0000,0.0774,0.0748
207.543,6.52,0.0000,-0.84,0.0362,0.0000,0.1044,0.0773
207.655,6.83,0.0000,-2.17,0.0932,0.0000,0.1492,0.0846
207.769,6.52,0.0000,-1.91,0.0817,0.0000,0.1403,0.0917
207.873,6.57,0.0000,-1.86,0.0797,0.0000,0.1388,0.0983
207.977,6.73,0.0000,-1.59,0.0680,0.0000,0.1292,0.1046
208.091,6.81,0.0000,-2.04,0.0873,0.0000,0.1444,0.1101
208.193,6.75,0.0000,-1.75,0.0750,0.0000,0.1348,0.1152
208.325,6.41,0.0000,-1.25,0.0534,0.0000,0.1176,0.1215
208.457,6.55,0.0000,-1.86,0.0798,0.0000,0.1386,0.1291
208.566,6.30,0.0000,-2.28,0.0979,0.0000,0.1528,0.1345
208.671,6.35,0.0000,-2.54,0.1088,0.0000,0.1617,0.1374
208.781,6.45,0.0000,-2.28,0.0979,0.0000,0.1531,0.1383
208.904,6.57,0.0000,-2.08,0.0890,0.0000,0.1463,0.1397
209.004,6.62,0.0000,-2.24,0.0961,0.0000,0.1518,0.1416
209.143,6.14,0.0000,-2.02,0.0867,0.0000,0.1440,0.1434
209.245,6.25,0.0000,-2.02,0.0866,0.0000,0.1441,0.1443
209.356,6.11,0.0000,-2.66,0.1140,0.0000,0.1658,0.1479
209.474,6.54,0.0000,-2.41,0.1034,0.0000,0.1574,0.1506
209.580,6.57,0.0000,-2.81,0.1206,0.0000,0.1711,0.1540
209.707,6.31,0.0000,-2.51,0.1077,0.0000,0.1612,0.1555
209.811,6.44,0.0000,-2.41,0.1033,0.0000,0.1572,0.1558
209.935,6.34,0.0000,-2.48,0.1063,0.0000,0.1596,0.1565
210.045,6.11,0.0000,-3.13,0.1340,0.0000,0.1815,0.1568
210.155,6.32,0.0000,-3.48,0.1493,0.0000,0.1935,0.1615
210.285,6.18,0.0000,-3.35,0.1435,0.0000,0.1890,0.1672
210.413,6.25,0.0000,-2.63,0.1125,0.0000,0.1648,0.1689
210.516,6.32,0.0000,-2.41,0.1035,0.0000,0.1572,0.1693
210.627,6.46,0.0000,-2.70,0.1159,0.0000,0.1670,0.1678
210.751,5.92,0.0000,-1.99,0.0851,0.0000,0.1432,0.1677
210.853,5.41,0.0000,0.12,0.0072,0.0000,0.0752,0.1635
210.961,4.96,0.0000,1.43,0.0856,0.0000,0.0608,0.1547
211.088,4.93,0.0000,2.46,0.1474,0.0000,0.0495,0.1399
211.197,5.21,0.0000,2.90,0.1741,0.0000,0.0651,0.1265
211.298,5.43,0.0000,2.84,0.1704,0.0000,0.0618,0.1135
211.405,5.12,0.0000,2.78,0.1667,0.0000,0.0592,0.1014
211.510,5.40,0.0000,2.29,0.1371,0.0000,0.0499,0.0901
211.644,5.28,0.0000,2.05,0.1227,0.0000,0.0530,0.0760
211.774,5.05,0.0000,0.89,0.0533,0.0000,0.0657,0.0620
211.883,4.76,0.0000,0.40,0.0237,0.0000,0.0714,0.0573
211.995,4.70,0.0000,-0.64,0.0275,0.0180,0.0994,0.0597
212.124,5.18,0.0000,-1.36,0.0583,0.0000,0.1217,0.0671
212.257,5.08,0.0000,-0.91,0.0392,0.0000,0.1070,0.0750
212.383,5.17,0.0000,-0.85,0.0366,0.0000,0.1052,0.0812
212.487,5.36,0.0000,-0.89,0.0380,0.0000,0.1060,0.0867
212.596,5.42,0.0000,-0.92,0.0395,0.0000,0.1075,0.0924
212.720,5.68,0.0000,-1.26,0.0541,0.0000,0.1189,0.1004
212.822,5.43,0.0000,-1.44,0.0617,0.0000,0.1250,0.1066
212.927,5.16,0.0000,-1.30,0.0559,0.0000,0.1206,0.1118
213.056,5.06,0.0000,-1.18,0.0504,0.0000,0.1163,0.1142
213.187,5.27,0.0000,-1.57,0.0673,0.0000,0.1294,0.1156
213.291,5.47,0.0000,-1.74,0.0745,0.0000,0.1351,0.1176
213.429,5.41,0.0000,-2.18,0.0932,0.0000,0.1497,0.1238
213.555,4.81,0.0000,-3.41,0.1461,0.0000,0.1909,0.1337
213.659,4.46,0.0000,-4.53,0.1940,0.0023,0.2290,0.1429
213.761,4.78,0.0000,-5.33,0.2285,0.0000,0.2558,0.1560
213.891,4.51,0.0000,-5.89,0.2522,0.0000,0.2741,0.1759
214.027,5.11,0.0000,-5.41,0.2317,0.0000,0.2579,0.1947
214.157,5.43,0.0000,-3.29,0.1412,0.0000,0.1870,0.2065
214.288,5.63,0.0000,-2.45,0.1050,0.0000,0.1589,0.2114
214.397,6.14,0.0000,-1.90,0.0815,0.0000,0.1404,0.2114
214.512,6.65,0.0000,-2.22,0.0951,0.0000,0.1512,0.2104
214.623,6.77,0.0000,-2.15,0.0923,0.0000,0.1491,0.2053
214.725,6.79,0.0000,-1.81,0.0778,0.0000,0.1377,0.1979
214.853,6.83,0.0000,-2.08,0.0892,0.0000,0.1468,0.1860
214.981,6.79,0.0000,-2.87,0.1230,0.0000,0.1733,0.1708
215.094,6.58,0.0000,-2.91,0.1247,0.0000,0.1748,0.1623
215.228,5.94,0.0000,-4.06,0.1741,0.0000,0.2134,0.1609
215.357,5.88,0.0000,-4.96,0.2125,0.0000,0.2429,0.1702
215.488,5.16,0.0000,-5.16,0.2213,0.0000,0.2499,0.1829
215.591,4.83,0.0000,-4.88,0.2090,0.0000,0.2398,0.1931
215.699,4.64,0.0000,-4.48,0.1922,0.0000,0.2265,0.2023
215.804,4.62,0.0000,-5.38,0.2304,0.0000,0.2568,0.2134
215.917,4.68,0.0000,-5.20,0.2227,0.0000,0.2504,0.2238
216.023,4.22,0.0000,-4.98,0.2134,0.0000,0.2434,0.2320
216.163,4.37,0.0000,-5.22,0.2236,0.0000,0.2514,0.2418
216.286,4.33,0.0000,-6.03,0.2584,0.0000,0.2782,0.2488
216.393,4.33,0.0000,-5.86,0.2510,0.0000,0.2726,0.2526
216.527,4.57,0.0000,-5.35,0.2291,0.0000,0.2549,0.2547
216.660,4.56,0.0000,-5.16,0.2211,0.0000,0.2486,0.2549
216.787,4.70,0.0000,-5.49,0.2353,0.0000,0.2603,0.2568
216.894,4.32,0.0000,-5.66,0.2426,0.0000,0.2659,0.2589
217.023,4.60,0.0000,-5.91,0.2531,0.0000,0.2743,0.2619
217.176,4.39,0.0000,-5.84,0.2505,0.0000,0.2724,0.2646
217.302,4.42,0.0000,-5.71,0.2449,0.0000,0.2679,0.2661
217.403,4.65,0.0000,-5.96,0.2554,0.0000,0.2755,0.2661
217.539,4.47,0.0000,-5.38,0.2305,0.0000,0.2561,0.2653
217.644,4.75,0.0000,-6.04,0.2588,0.0000,0.2786,0.2673
217.755,4.85,0.0000,-5.09,0.2183,0.0000,0.2469,0.2681
217.876,4.00,0.0000,-3.44,0.1476,0.0000,0.1911,0.2650
218.015,1.50,0.0000,-6.28,0.2692,0.0000,0.2862,0.2599
218.128,0.73,0.0000,-8.16,0.3497,0.0000,0.3216,0.2653
218.255,0.05,0.0000,-11.85,0.5080,0.0000,0.3683,0.2756
218.356,0.21,0.0000,-14.44,0.6190,0.0000,0.4019,0.2875
218.467,0.86,0.0000,-15.04,0.6445,0.0232,0.4124,0.3016
218.567,0.43,0.0000,-15.40,0.6599,0.0395,0.4183,0.3156
218.686,0.18,0.0000,-15.02,0.6436,0.0034,0.4098,0.3348
218.789,0.49,0.0000,-14.90,0.6385,0.0000,0.4077,0.3486
218.961,1.49,0.0000,-11.38,0.4878,0.0000,0.3618,0.3616
219.093,3.69,0.0000,-2.49,0.1067,0.0000,0.1577,0.3606
219.215,4.79,0.0000,-0.25,0.0107,0.0000,0.0829,0.3396
219.331,5.81,0.0000,0.08,0.0051,0.0000,0.0741,0.3123
219.439,6.22,0.0000,0.07,0.0044,0.0000,0.0747,0.2824
219.566,7.37,0.0000,0.64,0.0382,0.0000,0.0687,0.2376
219.671,7.91,0.0000,0.19,0.0116,0.0000,0.0739,0.2033
219.780,8.34,0.0000,0.34,0.0207,0.0000,0.0724,0.1698
219.880,8.28,0.0000,0.16,0.0094,0.0000,0.0747,0.1366
220.013,8.23,0.0000,0.37,0.0223,0.0000,0.0727,0.0958
220.140,7.97,0.0000,1.38,0.0830,0.0000,0.0617,0.0773
220.240,7.50,0.0000,1.81,0.1084,0.0000,0.0568,0.0723
220.348,7.26,0.0000,2.58,0.1547,0.0000,0.0483,0.0699
220.462,7.03,0.0000,2.81,0.1683,0.0000,0.0574,0.0666
220.580,7.40,0.0000,2.79,0.1672,0.0000,0.0562,0.0652
220.686,7.41,0.0000,2.08,0.1245,0.0000,0.0539,0.0633
220.817,6.88,0.0000,1.51,0.0906,0.0000,0.0598,0.0614
220.919,6.77,0.0000,1.12,0.0670,0.0000,0.0640,0.0604
221.045,6.83,0.0000,0.68,0.0407,0.0000,0.0682,0.0594
221.157,6.64,0.0000,0.89,0.0535,0.0000,0.0657,0.0593
221.273,6.47,0.0000,0.39,0.0233,0.0000,0.0715,0.0598
221.380,6.64,0.0000,0.21,0.0126,0.0000,0.0733,0.0615
221.486,6.68,0.0000,0.25,0.0147,0.0000,0.0726,0.0639
221.589,6.57,0.0000,1.25,0.0751,0.0000,0.0613,0.0652
221.696,6.57,0.0000,0.87,0.0521,0.0000,0.0658,0.0663
221.831,6.49,0.0000,0.39,0.0235,0.0000,0.0714,0.0682
221.941,6.56,0.0000,0.65,0.0393,0.0000,0.0684,0.0691
222.068,6.39,0.0000,0.16,0.0095,0.0000,0.0743,0.0701
222.175,5.93,0.0000,0.02,0.0009,0.0000,0.0759,0.0710
222.305,6.27,0.0000,-0.56,0.0238,0.0000,0.0947,0.0745
222.440,6.28,0.0000,-0.25,0.0105,0.0000,0.0846,0.0761
222.575,7.06,0.0000,-0.12,0.0052,0.0000,0.0802,0.0782
222.676,6.58,0.0000,0.24,0.0145,0.0000,0.0735,0.0798
222.813,5.94,0.0000,0.11,0.0069,0.0000,0.0751,0.0805
222.915,6.02,0.0000,-0.62,0.0265,0.0000,0.0970,0.0823
223.023,6.05,0.0000,-2.00,0.0858,0.0000,0.1435,0.0886
223.127,6.22,0.0000,-1.20,0.0515,0.0000,0.1165,0.0943
223.233,6.24,0.0000,1.20,0.0722,0.0000,0.0619,0.0935
223.369,6.39,0.0000,3.03,0.1816,0.0000,0.0752,0.0894
223.503,7.75,0.0000,3.05,0.1829,0.0000,0.0768,0.0918
223.604,7.98,0.0000,4.03,0.2419,0.0000,0.1381,0.0962
223.708,8.30,0.0000,4.07,0.2443,0.0000,0.1399,0.1018
223.824,7.94,0.0000,4.80,0.2879,0.0000,0.1846,0.1135
223.947,8.00,0.0000,4.23,0.2537,0.0000,0.1491,0.1224
224.055,8.46,0.0000,3.61,0.2166,0.0000,0.1113,0.1254
224.182,8.47,0.0000,3.35,0.2009,0.0000,0.0950,0.1214
224.301,8.53,0.0000,3.22,0.1934,0.0000,0.0870,0.1188
224.405,8.62,0.0000,3.02,0.1815,0.0000,0.0747,0.1213
224.529,8.43,0.0000,3.36,0.2017,0.0000,0.0962,0.1219
224.640,8.78,0.0000,2.57,0.1541,0.0000,0.0469,0.1175
224.745,8.24,0.0000,3.64,0.2185,0.0000,0.1147,0.1128
224.874,8.21,0.0000,3.17,0.1901,0.0000,0.0840,0.1043
224.990,8.41,0.0000,3.14,0.1886,0.0000,0.0836,0.0926
225.102,7.93,0.0000,2.71,0.1628,0.0000,0.0571,0.0834
225.205,7.69,0.0000,2.48,0.1488,0.0000,0.0463,0.0757
225.309,8.04,0.0000,2.78,0.1668,0.0000,0.0617,0.0717
225.413,8.07,0.0000,2.32,0.1390,0.0000,0.0477,0.0685
225.537,8.84,0.0000,1.74,0.1044,0.0000,0.0537,0.0661
225.651,8.95,0.0000,1.26,0.0757,0.0000,0.0592,0.0631
225.757,9.05,0.0000,1.18,0.0706,0.0000,0.0612,0.0642
225.865,8.57,0.0000,1.65,0.0991,0.0000,0.0561,0.0598
225.973,8.67,0.0000,1.47,0.0880,0.0000,0.0586,0.0565
226.090,9.04,0.0000,1.98,0.1186,0.0000,0.0531,0.0551
226.203,8.96,0.0000,1.92,0.1154,0.0000,0.0540,0.0548
226.316,9.57,0.0000,1.44,0.0862,0.0000,0.0593,0.0559
226.429,9.34,0.0000,1.14,0.0684,0.0000,0.0623,0.0568
226.541,9.28,0.0000,1.44,0.0866,0.0000,0.0582,0.0571
226.641,8.81,0.0000,1.08,0.0648,0.0000,0.0623,0.0581
226.749,9.54,0.0000,0.92,0.0553,0.0000,0.0638,0.0584
226.863,9.59,0.0000,0.02,0.0012,0.0000,0.0742,0.0600
226.980,9.50,0.0000,0.12,0.0073,0.0000,0.0734,0.0623
227.094,9.04,0.0000,-0.23,0.0097,0.0000,0.0828,0.0646
227.213,8.99,0.0000,-0.02,0.0011,0.0000,0.0761,0.0669
227.320,9.02,0.0000,-0.27,0.0117,0.0000,0.0832,0.0693
227.437,9.07,0.0000,0.56,0.0333,0.0000,0.0680,0.0702
227.553,8.85,0.0000,0.02,0.0014,0.0000,0.0743,0.0731
227.662,8.89,0.0000,0.47,0.0284,0.0000,0.0690,0.0743
227.778,9.14,0.0000,-0.24,0.0101,0.0000,0.0827,0.0757
227.884,9.46,0.0000,0.06,0.0038,0.0000,0.0747,0.0779
227.989,8.80,0.0000,-0.24,0.0101,0.0000,0.0836,0.0789
228.110,8.76,0.0000,-0.09,0.0038,0.0000,0.0791,0.0793
228.223,8.89,0.0000,-0.20,0.0087,0.0000,0.0832,0.0802
228.327,8.96,0.0000,-0.27,0.0114,0.0000,0.0853,0.0815
228.428,8.80,0.0000,-0.37,0.0158,0.0000,0.0890,0.0831
228.530,8.89,0.0000,-0.41,0.0177,0.0000,0.0903,0.0863
228.652,8.95,0.0000,-0.76,0.0327,0.0000,0.1022,0.0869
228.757,8.83,0.0000,-1.01,0.0434,0.0000,0.1102,0.0909
228.883,8.81,0.0000,-1.02,0.0437,0.0000,0.1107,0.0944
228.987,8.70,0.0000,-0.02,0.0007,0.0000,0.0772,0.0936
229.103,8.86,0.0000,-1.21,0.0519,0.0000,0.1173,0.0943
229.229,8.07,0.0000,-2.23,0.0954,0.0000,0.1515,0.1009
229.354,7.02,0.0000,-2.85,0.1223,0.0000,0.1727,0.1086
229.473,5.90,0.0000,-5.55,0.2379,0.0000,0.2630,0.1229
229.600,4.51,0.0000,-4.90,0.2101,0.0000,0.2414,0.1388
229.711,0.95,0.0000,-6.49,0.2781,0.0000,0.2930,0.1569
229.841,0.97,0.0000,-7.10,0.3045,0.0000,0.3082,0.1850
229.973,0.25,0.0000,-9.95,0.4264,0.0000,0.3448,0.2151
230.109,1.41,0.0000,-11.27,0.4828,0.0000,0.3615,0.2423
230.223,0.84,0.0000,-10.75,0.4608,0.0000,0.3542,0.2703
230.324,0.72,0.0000,-11.32,0.4852,0.0000,0.3612,0.2926
230.428,0.87,0.0000,-12.30,0.5270,0.0000,0.3732,0.3136
230.547,0.31,0.0000,-12.67,0.5429,0.0000,0.3782,0.3312
230.678,0.18,0.0000,-14.01,0.6005,0.0000,0.3963,0.3495
230.813,0.22,0.0000,-13.86,0.5941,0.0000,0.3952,0.3654
230.925,0.20,0.0000,-13.74,0.5887,0.0000,0.3939,0.3738
231.051,0.30,0.0000,-14.21,0.6089,0.0000,0.3996,0.3784
231.183,0.31,0.0000,-14.67,0.6286,0.0000,0.4050,0.3856
231.296,0.27,0.0000,-15.82,0.6780,0.0000,0.4195,0.3909
231.413,0.07,0.0000,-17.02,0.7295,0.0000,0.4351,0.3984
231.533,1.27,0.0000,-18.27,0.7829,0.0000,0.4515,0.4065
231.643,0.54,0.0000,-18.40,0.7885,0.0000,0.4532,0.4136
231.752,0.43,0.0000,-18.39,0.7880,0.0000,0.4534,0.4203
231.857,0.84,0.0000,-18.80,0.8056,0.0000,0.4588,0.4259
231.983,0.75,0.0000,-19.07,0.8173,0.0000,0.4624,0.4313
232.103,1.63,0.0000,-17.43,0.7468,0.0000,0.4411,0.4373
232.213,1.66,0.0000,-16.94,0.7262,0.0000,0.4346,0.4412
232.349,1.08,0.0000,-19.01,0.8146,0.0000,0.4615,0.4480
232.463,0.78,0.0000,-18.22,0.7809,0.0000,0.4512,0.4513
232.570,1.15,0.0000,-16.79,0.7195,0.0000,0.4327,0.4513
232.686,0.87,0.0000,-16.20,0.6942,0.0000,0.4246,0.4495
232.811,0.78,0.0000,-16.14,0.6919,0.0000,0.4238,0.4477
232.929,0.60,0.0000,-17.77,0.7618,0.0000,0.4447,0.4462
233.057,0.76,0.0000,-17.71,0.7590,0.0000,0.4438,0.4443
233.167,0.42,0.0000,-16.81,0.7204,0.0000,0.4321,0.4412
233.295,0.09,0.0000,-17.14,0.7347,0.0000,0.4358,0.4383
233.414,0.47,0.0000,-17.42,0.7466,0.0000,0.4394,0.4383
233.515,0.59,0.0000,-17.65,0.7563,0.0000,0.4418,0.4368
233.634,0.53,0.0000,-17.98,0.7704,0.0000,0.4463,0.4358
233.746,0.73,0.0000,-18.35,0.7865,0.0000,0.4516,0.4371
233.856,0.69,0.0000,-18.05,0.7735,0.0000,0.4481,0.4397
233.967,0.53,0.0000,-16.91,0.7247,0.0000,0.4338,0.4409
234.081,0.71,0.0000,-17.31,0.7420,0.0000,0.4391,0.4406
234.183,0.89,0.0000,-17.09,0.7323,0.0000,0.4360,0.4407
234.293,1.10,0.0000,-17.65,0.7563,0.0000,0.4431,0.4416
234.395,0.95,0.0000,-16.93,0.7258,0.0000,0.4339,0.4422
234.514,1.32,0.0000,-16.36,0.7014,0.0000,0.4260,0.4412
234.652,1.56,0.0000,-16.19,0.6940,0.0000,0.4239,0.4404
234.767,1.98,0.0000,-17.68,0.7579,0.0000,0.4432,0.4396
234.873,1.28,0.0000,-18.37,0.7873,0.0000,0.4512,0.4393
235.010,1.42,0.0000,-16.35,0.7007,0.0000,0.4256,0.4371
235.125,1.89,0.0000,-16.38,0.7020,0.0000,0.4266,0.4358
235.245,1.10,0.0000,-18.23,0.7814,0.0000,0.4507,0.4368
235.375,0.50,0.0000,-18.32,0.7852,0.0000,0.4516,0.4392
235.477,0.92,0.0000,-18.40,0.7888,0.0000,0.4527,0.4402
235.594,0.87,0.0000,-18.45,0.7908,0.0000,0.4533,0.4420
235.707,0.40,0.0000,-19.09,0.8180,0.0000,0.4618,0.4445
235.813,0.53,0.0000,-16.92,0.7250,0.0000,0.4339,0.4447
235.914,0.01,0.0000,-16.88,0.7234,0.0000,0.4317,0.4438
236.022,0.67,0.0000,-16.35,0.7006,0.0000,0.4240,0.4428
236.149,0.06,0.0000,-17.45,0.7479,0.0000,0.4378,0.4447
236.267,0.24,0.0000,-16.61,0.7120,0.0000,0.4278,0.4440
236.376,0.22,0.0000,-17.37,0.7443,0.0000,0.4379,0.4435
236.486,0.01,0.0000,-17.37,0.7444,0.0000,0.4387,0.4420
236.613,0.13,0.0000,-17.45,0.7478,0.0000,0.4398,0.4404
236.739,0.14,0.0000,-17.47,0.7488,0.0000,0.4404,0.4384
236.850,0.47,0.0000,-17.54,0.7517,0.0000,0.4418,0.4378
236.966,0.22,0.0000,-16.81,0.7205,0.0000,0.4325,0.4380
237.096,0.01,0.0000,-16.64,0.7131,0.0000,0.4308,0.4360
237.200,0.75,0.0000,-15.87,0.6803,0.0000,0.4208,0.4350
237.308,1.71,0.0000,-14.94,0.6405,0.0000,0.4089,0.4321
237.423,2.59,0.0000,-13.10,0.5616,0.0000,0.3855,0.4280
237.546,3.96,0.0000,-11.77,0.5046,0.0000,0.3680,0.4217
237.659,4.84,0.0000,-10.99,0.4710,0.0000,0.3582,0.4139
237.763,5.52,0.0000,-11.06,0.4738,0.0000,0.3596,0.4061
237.874,5.70,0.0000,-11.09,0.4751,0.0000,0.3601,0.3976
237.983,5.53,0.0000,-11.57,0.4957,0.0000,0.3663,0.3898
238.123,5.94,0.0000,-10.87,0.4659,0.0000,0.3576,0.3848
238.247,5.77,0.0000,-9.48,0.4065,0.0000,0.3398,0.3781
238.356,5.78,0.0000,-5.32,0.2281,0.0000,0.2543,0.3629
238.464,7.39,0.0000,-4.11,0.1761,0.0000,0.2125,0.3421
238.565,9.30,0.0000,-3.05,0.1308,0.0000,0.1775,0.3236
238.697,11.71,0.0000,-2.03,0.0871,0.0000,0.1440,0.2932
238.803,12.72,0.0000,-1.11,0.0477,0.0000,0.1136,0.2695
238.934,13.44,0.0000,-0.34,0.0144,0.0000,0.0877,0.2439
239.042,14.27,0.0000,-0.52,0.0224,0.0000,0.0940,0.2180
239.148,15.03,0.0000,-0.17,0.0071,0.0000,0.0821,0.1906
239.285,15.17,0.0000,0.31,0.0188,0.0000,0.0731,0.1529
239.407,15.40,0.0000,1.03,0.0618,0.0000,0.0653,0.1289
239.513,15.86,0.0000,1.42,0.0851,0.0000,0.0608,0.1133
239.662,15.99,0.0000,1.56,0.0935,0.0000,0.0593,0.0967
239.783,15.74,0.0000,1.14,0.0686,0.0000,0.0638,0.0864
239.893,15.99,0.0000,1.00,0.0600,0.0000,0.0653,0.0788
240.001,15.22,0.0000,1.94,0.1165,0.0000,0.0547,0.0727
240.138,15.21,0.0000,1.48,0.0889,0.0000,0.0598,0.0689
240.246,15.20,0.0000,1.38,0.0827,0.0000,0.0608,0.0652
240.369,14.42,0.0000,1.60,0.0962,0.0000,0.0584,0.0621
240.474,14.15,0.0000,1.48,0.0888,0.0000,0.0596,0.0611
240.605,14.22,0.0000,1.12,0.0669,0.0000,0.0634,0.0607
240.738,14.59,0.0000,1.13,0.0680,0.0000,0.0629,0.0612
240.846,14.56,0.0000,1.20,0.0718,0.0000,0.0619,0.0614
240.961,13.91,0.0000,1.33,0.0800,0.0000,0.0606,0.0608
241.073,14.20,0.0000,1.37,0.0823,0.0000,0.0605,0.0611
241.206,14.65,0.0000,1.12,0.0672,0.0000,0.0632,0.0616
241.338,14.09,0.0000,1.55,0.0930,0.0000,0.0580,0.0618
241.464,14.33,0.0000,1.32,0.0795,0.0000,0.0605,0.0617
241.571,14.64,0.0000,1.21,0.0726,0.0000,0.0618,0.0617
241.672,14.25,0.0000,1.13,0.0677,0.0000,0.0630,0.0617
241.782,13.96,0.0000,1.06,0.0635,0.0000,0.0635,0.0617
241.887,13.91,0.0000,1.28,0.0769,0.0000,0.0614,0.0616
241.993,13.98,0.0000,1.23,0.0737,0.0000,0.0621,0.0618
242.100,14.65,0.0000,1.52,0.0909,0.0000,0.0586,0.0617
242.206,15.02,0.0000,1.46,0.0876,0.0000,0.0595,0.0613
242.336,15.19,0.0000,1.17,0.0704,0.0000,0.0627,0.0612
242.440,15.29,0.0000,0.99,0.0593,0.0000,0.0648,0.0618
242.543,14.87,0.0000,1.15,0.0687,0.0000,0.0630,0.0621
242.656,14.74,0.0000,1.35,0.0811,0.0000,0.0606,0.0620
242.757,14.69,0.0000,1.28,0.0768,0.0000,0.0614,0.0618
242.891,14.87,0.0000,1.48,0.0887,0.0000,0.0591,0.0615
243.007,14.64,0.0000,1.42,0.0852,0.0000,0.0601,0.0614
243.113,14.52,0.0000,1.32,0.0795,0.0000,0.0609,0.0615
243.217,14.77,0.0000,1.60,0.0961,0.0000,0.0581,0.0615
243.347,15.03,0.0000,1.72,0.1034,0.0000,0.0568,0.0609
243.468,14.32,0.0000,2.30,0.1381,0.0000,0.0507,0.0598
243.584,13.94,0.0000,4.15,0.2488,0.0000,0.1407,0.0641
243.702,13.54,0.0000,4.38,0.2625,0.0000,0.1546,0.0727
243.805,12.53,0.0000,4.51,0.2708,0.0000,0.1634,0.0831
243.926,11.97,0.0000,4.37,0.2625,0.0000,0.1544,0.0925
244.039,10.88,0.0000,4.90,0.2940,0.0000,0.1861,0.1031
244.147,9.37,0.0000,4.38,0.2626,0.0000,0.1535,0.1105
244.274,7.92,0.0000,3.84,0.2306,0.0000,0.1203,0.1171
244.388,7.21,0.0000,3.70,0.2223,0.0000,0.1116,0.1213
244.502,7.09,0.0000,3.77,0.2260,0.0000,0.1151,0.1267
244.619,7.33,0.0000,4.04,0.2423,0.0000,0.1317,0.1335
244.749,7.72,0.0000,3.99,0.2392,0.0000,0.1283,0.1376
244.863,7.73,0.0000,4.33,0.2596,0.0000,0.1492,0.1374
244.994,7.84,0.0000,4.40,0.2638,0.0000,0.1534,0.1369
245.101,7.81,0.0000,4.35,0.2610,0.0000,0.1504,0.1361
245.206,7.65,0.0000,4.11,0.2464,0.0000,0.1354,0.1349
245.313,7.33,0.0000,3.31,0.1987,0.0000,0.0866,0.1267
245.443,7.37,0.0000,2.74,0.1646,0.0000,0.0517,0.1194
245.545,8.38,0.0000,1.84,0.1102,0.0000,0.0578,0.1148
245.687,8.08,0.0000,2.70,0.1622,0.0000,0.0492,0.1066
245.813,8.15,0.0000,3.74,0.2247,0.0000,0.1133,0.1037
245.947,8.70,0.0000,5.37,0.3223,0.0000,0.2135,0.1090
246.053,9.13,0.0000,6.82,0.4090,0.0000,0.3022,0.1201
246.175,9.53,0.0000,7.50,0.4500,0.0000,0.3440,0.1381
246.297,9.50,0.0000,8.17,0.4905,0.0000,0.3854,0.1619
246.417,8.84,0.0000,9.17,0.5504,0.0000,0.4468,0.1936
246.549,8.34,0.0000,9.46,0.5675,0.0000,0.4642,0.2323
246.668,8.76,0.0000,9.68,0.5806,0.0000,0.4780,0.2743
246.796,8.81,0.0000,9.91,0.5946,0.0000,0.4928,0.3179
246.945,8.86,0.0000,9.98,0.5986,0.0000,0.4967,0.3614
247.059,9.23,0.0000,9.52,0.5710,0.0000,0.4686,0.3870
247.174,9.86,0.0000,8.97,0.5382,0.0000,0.4352,0.4060
247.327,10.95,0.0000,8.23,0.4941,0.0000,0.3908,0.4258
247.528,11.67,0.0000,8.41,0.5045,0.0000,0.4022,0.4351
247.671,11.97,0.0000,8.31,0.4985,0.0000,0.3970,0.4371
247.810,12.54,0.0000,7.12,0.4273,0.0000,0.3258,0.4319
247.916,13.38,0.0000,5.72,0.3431,0.0000,0.2399,0.4211
248.043,13.71,0.0000,4.74,0.2846,0.0000,0.1816,0.3958
248.183,13.38,0.0000,5.01,0.3007,0.0000,0.1987,0.3778
248.308,12.73,0.0000,5.29,0.3177,0.0000,0.2151,0.3592
248.437,12.75,0.0000,5.05,0.3029,0.0000,0.2001,0.3399
248.552,13.38,0.0000,4.08,0.2445,0.0000,0.1403,0.3180
248.666,13.71,0.0000,3.83,0.2298,0.0000,0.1269,0.2941
248.780,13.93,0.0000,3.73,0.2236,0.0000,0.1206,0.2717
248.897,13.91,0.0000,3.56,0.2137,0.0000,0.1095,0.2504
249.045,15.61,0.0000,4.10,0.2459,0.0000,0.1425,0.2323
249.185,15.59,0.0000,4.20,0.2517,0.0000,0.1478,0.2164
249.323,17.91,0.0000,4.82,0.2890,0.0000,0.1887,0.2044
249.457,18.85,0.0000,3.71,0.2226,0.0000,0.1215,0.1878
249.585,16.18,0.0000,3.35,0.2012,0.0000,0.1039,0.1721
249.704,14.88,0.0000,4.46,0.2676,0.0000,0.1699,0.1637
249.834,13.42,0.0000,4.78,0.2867,0.0000,0.1884,0.1607
249.967,13.03,0.0000,4.48,0.2688,0.0000,0.1686,0.1593
250.082,11.84,0.0000,4.60,0.2760,0.0000,0.1742,0.1577
250.203,11.26,0.0000,4.59,0.2754,0.0000,0.1729,0.1547
250.319,9.89,0.0000,3.40,0.2042,0.0000,0.0992,0.1489
250.431,8.47,0.0000,2.32,0.1395,0.0000,0.0487,0.1433
250.551,7.96,0.0000,2.09,0.1253,0.0000,0.0521,0.1375
250.703,7.87,0.0000,2.91,0.1748,0.0000,0.0679,0.1312
250.811,1.89,0.0150,4.50,0.2701,0.0000,0.1651,0.1332
250.913,0.09,1.0000,9.75,0.5847,0.0459,0.5395,0.1566
251.043,0.77,1.0000,9.03,0.5418,0.0000,0.4872,0.1781
251.167,0.51,1.0000,6.16,0.3698,0.0000,0.3054,0.1916
251.999,7.66,0.0964,2.02,0.1212,0.0000,0.0647,0.1897
252.127,8.69,0.0000,1.80,0.1077,0.0000,0.0611,0.1867
252.238,8.81,0.0000,2.01,0.1205,0.0000,0.0574,0.1788
252.384,8.65,0.0000,2.10,0.1261,0.0000,0.0561,0.1701
252.488,8.99,0.0000,2.18,0.1307,0.0000,0.0546,0.1620
252.601,9.53,0.0000,2.24,0.1342,0.0000,0.0533,0.1539
252.752,10.22,0.0000,1.83,0.1095,0.0000,0.0576,0.1470
252.862,10.52,0.0000,1.99,0.1194,0.0000,0.0552,0.1429
253.008,10.13,0.0000,2.09,0.1257,0.0000,0.0535,0.1414
253.132,9.79,0.0000,2.18,0.1307,0.0000,0.0520,0.1417
253.233,10.01,0.0000,1.81,0.1086,0.0000,0.0560,0.1414
253.334,10.85,0.0000,1.38,0.0826,0.0000,0.0606,0.1359
253.445,10.33,0.0000,1.53,0.0917,0.0000,0.0590,0.1070
253.594,10.81,0.0000,1.19,0.0712,0.0000,0.0625,0.0656
253.717,10.44,0.0000,1.40,0.0842,0.0000,0.0606,0.0575
253.868,10.93,0.0000,2.11,0.1267,0.0000,0.0526,0.0572
254.000,11.32,0.0000,1.79,0.1073,0.0000,0.0563,0.0570
254.116,11.39,0.0000,2.21,0.1324,0.0000,0.0517,0.0570
254.257,11.40,0.0000,2.26,0.1358,0.0000,0.0508,0.0565
254.391,12.13,0.0000,2.34,0.1406,0.0000,0.0501,0.0561
254.523,12.00,0.0000,2.47,0.1484,0.0000,0.0489,0.0555
254.656,12.27,0.0000,2.73,0.1636,0.0000,0.0538,0.0551
254.766,12.43,0.0000,2.31,0.1384,0.0000,0.0505,0.0540
254.878,12.45,0.0000,2.65,0.1593,0.0000,0.0498,0.0530
255.004,11.56,0.0000,2.73,0.1635,0.0000,0.0535,0.0519
255.121,12.06,0.0000,2.75,0.1653,0.0000,0.0551,0.0514
255.231,11.96,0.0000,2.38,0.1428,0.0000,0.0501,0.0513
255.363,11.94,0.0000,2.03,0.1218,0.0000,0.0540,0.0507
255.466,12.20,0.0000,2.48,0.1489,0.0000,0.0486,0.0507
255.595,11.78,0.0000,2.16,0.1296,0.0000,0.0522,0.0507
255.722,12.14,0.0000,2.27,0.1364,0.0000,0.0511,0.0508
255.850,11.76,0.0000,2.89,0.1737,0.0000,0.0636,0.0514
255.976,11.76,0.0000,3.09,0.1854,0.0000,0.0768,0.0525
256.104,11.42,0.0000,2.76,0.1655,0.0000,0.0558,0.0526
256.241,11.73,0.0000,2.73,0.1638,0.0000,0.0537,0.0529
256.369,11.64,0.0000,2.67,0.1601,0.0000,0.0504,0.0536
256.513,11.42,0.0000,2.92,0.1749,0.0000,0.0655,0.0561
256.638,12.05,0.0000,2.57,0.1540,0.0000,0.0475,0.0577
256.783,12.07,0.0000,2.33,0.1396,0.0000,0.0504,0.0578
256.916,11.84,0.0000,2.28,0.1366,0.0000,0.0509,0.0577
257.056,12.76,0.0000,2.21,0.1325,0.0000,0.0515,0.0574
257.176,12.22,0.0000,2.33,0.1400,0.0000,0.0498,0.0570
257.293,12.43,0.0000,2.92,0.1755,0.0000,0.0664,0.0566
257.403,12.11,0.0000,3.09,0.1856,0.0000,0.0766,0.0586
257.523,11.60,0.0000,3.25,0.1951,0.0000,0.0860,0.0598
257.655,12.12,0.0000,2.88,0.1726,0.0000,0.0627,0.0614
257.756,12.79,0.0000,2.72,0.1631,0.0000,0.0527,0.0589
257.861,13.04,0.0000,2.59,0.1555,0.0000,0.0478,0.0587
257.992,12.83,0.0000,3.01,0.1805,0.0000,0.0702,0.0592
258.098,12.75,0.0000,3.61,0.2168,0.0000,0.1074,0.0624
258.208,12.79,0.0000,3.99,0.2394,0.0000,0.1306,0.0692
258.337,13.44,0.0000,3.59,0.2153,0.0000,0.1069,0.0768
258.456,13.20,0.0000,3.22,0.1933,0.0000,0.0843,0.0787
258.578,13.76,0.0000,3.37,0.2020,0.0000,0.0931,0.0809
258.710,13.32,0.0000,3.46,0.2075,0.0000,0.0983,0.0860
258.835,12.90,0.0000,3.54,0.2124,0.0000,0.1034,0.0927
258.937,12.81,0.0000,3.46,0.2078,0.0000,0.0992,0.0980
259.082,12.54,0.0000,3.74,0.2243,0.0000,0.1156,0.1044
259.210,12.83,0.0000,3.70,0.2219,0.0000,0.1128,0.1066
259.343,12.01,0.0000,3.48,0.2086,0.0000,0.0995,0.1047
259.470,12.14,0.0000,3.61,0.2164,0.0000,0.1074,0.1041
259.602,12.16,0.0000,3.23,0.1938,0.0000,0.0848,0.1043
259.745,13.45,0.0000,3.19,0.1915,0.0000,0.0826,0.0996
259.876,12.66,0.0000,3.38,0.2028,0.0000,0.0942,0.0976
259.976,12.40,0.0000,3.44,0.2067,0.0000,0.0986,0.0963
260.080,12.38,0.0000,3.69,0.2215,0.0000,0.1135,0.0963
260.181,12.44,0.0000,3.26,0.1955,0.0000,0.0865,0.0952
260.307,12.67,0.0000,3.12,0.1873,0.0000,0.0781,0.0907
260.409,12.17,0.0000,2.86,0.1718,0.0000,0.0629,0.0895
260.543,13.75,0.0000,2.81,0.1683,0.0000,0.0587,0.0843
260.672,14.45,0.0000,2.96,0.1779,0.0000,0.0681,0.0802
260.806,13.07,0.0000,3.59,0.2153,0.0000,0.1074,0.0818
260.944,13.54,0.0000,3.59,0.2151,0.0000,0.1074,0.0832
261.076,13.65,0.0000,4.09,0.2452,0.0000,0.1375,0.0859
261.209,14.36,0.0000,5.55,0.3330,0.0000,0.2273,0.0961
261.310,14.63,0.0000,6.40,0.3837,0.0000,0.2790,0.1146
261.413,14.50,0.0000,7.00,0.4197,0.0000,0.3161,0.1374
261.513,13.90,0.0000,7.81,0.4686,0.0000,0.3665,0.1665
261.642,13.49,0.0000,8.64,0.5186,0.0000,0.4173,0.2137
261.793,13.95,0.0000,8.93,0.5361,0.0000,0.4351,0.2606
261.893,13.81,0.0000,8.79,0.5277,0.0000,0.4260,0.2920
262.012,11.60,0.0000,8.81,0.5287,0.0000,0.4267,0.3244
262.148,13.75,0.0000,5.97,0.3583,0.0000,0.2531,0.3455
262.270,9.16,0.0000,6.00,0.3602,0.0000,0.2547,0.3498
262.376,8.16,0.0000,5.77,0.3461,0.0000,0.2397,0.3470
262.504,7.91,0.0000,6.39,0.3833,0.0000,0.2763,0.3381
262.667,8.19,0.0000,6.77,0.4061,0.0000,0.2985,0.3291
262.773,8.63,0.0000,6.71,0.4024,0.0000,0.2940,0.3167
262.906,8.77,0.0000,6.90,0.4140,0.0000,0.3049,0.2986
263.034,8.57,0.0000,6.59,0.3951,0.0000,0.2854,0.2805
263.146,8.52,0.0000,6.45,0.3872,0.0000,0.2771,0.2725
263.274,8.48,0.0000,6.60,0.3961,0.0000,0.2856,0.2772
263.403,8.37,0.0000,6.40,0.3838,0.0000,0.2718,0.2811
263.506,8.34,0.0000,6.38,0.3826,0.0000,0.2710,0.2838
263.639,8.56,0.0000,6.13,0.3677,0.0000,0.2549,0.2804
263.776,8.69,0.0000,6.08,0.3646,0.0000,0.2516,0.2746
263.896,8.39,0.0000,6.07,0.3645,0.0000,0.2512,0.2701
264.001,8.26,0.0000,5.91,0.3544,0.0000,0.2413,0.2650
264.115,8.39,0.0000,5.81,0.3484,0.0000,0.2352,0.2599
264.225,8.49,0.0000,5.51,0.3309,0.0000,0.2174,0.2540
264.355,8.55,0.0000,5.19,0.3115,0.0000,0.1982,0.2460
264.457,8.46,0.0000,5.36,0.3218,0.0000,0.2087,0.2398
264.590,8.14,0.0000,5.42,0.3252,0.0000,0.2122,0.2326
264.696,8.13,0.0000,5.43,0.3256,0.0000,0.2107,0.2281
264.815,7.90,0.0000,4.98,0.2990,0.0000,0.1842,0.2227
264.921,7.26,0.0000,4.50,0.2697,0.0000,0.1540,0.2136
265.025,6.73,0.0000,4.08,0.2449,0.0000,0.1297,0.2023
265.160,5.85,0.0000,3.40,0.2042,0.0000,0.0886,0.1852
265.265,5.66,0.0000,2.28,0.1370,0.0000,0.0547,0.1692
265.375,5.21,0.0000,1.57,0.0944,0.0000,0.0621,0.1529
265.492,4.73,0.0000,1.38,0.0829,0.0000,0.0639,0.1387
265.622,4.24,0.0000,1.38,0.0829,0.0000,0.0638,0.1186
265.723,4.02,0.0000,1.18,0.0709,0.0000,0.0657,0.1040
265.842,3.80,0.0000,1.10,0.0658,0.0000,0.0663,0.0863
265.946,3.68,0.0000,1.21,0.0728,0.0000,0.0650,0.0767
266.072,3.95,0.0000,1.01,0.0605,0.0000,0.0672,0.0680
266.182,3.80,0.0000,0.85,0.0508,0.0000,0.0688,0.0646
266.283,3.64,0.0000,-0.16,0.0068,0.0000,0.0831,0.0664
266.389,3.14,0.0000,0.29,0.0173,0.0000,0.0742,0.0681
266.523,3.15,0.0000,-0.55,0.0235,0.0000,0.0958,0.0715
266.624,2.45,0.0000,-0.20,0.0086,0.0000,0.0841,0.0758
266.750,2.80,0.0000,-1.11,0.0477,0.0000,0.1149,0.0812
266.851,2.71,0.0000,-1.71,0.0733,0.0000,0.1349,0.0873
266.956,2.67,0.0000,-1.03,0.0443,0.0000,0.1122,0.0921
267.083,2.77,0.0000,-0.85,0.0364,0.0000,0.1061,0.0963
267.186,3.21,0.0000,-1.06,0.0454,0.0000,0.1131,0.1002
267.288,3.55,0.0000,-1.70,0.0730,0.0000,0.1346,0.1052
267.389,3.37,0.0000,-0.02,0.0009,0.0000,0.0783,0.1070
267.503,3.73,0.0000,-0.03,0.0011,0.0000,0.0785,0.1071
267.636,3.65,0.0000,0.83,0.0497,0.0000,0.0685,0.1030
267.736,3.82,0.0000,0.93,0.0558,0.0000,0.0674,0.0996
267.838,3.76,0.0000,1.11,0.0667,0.0000,0.0655,0.0941
267.973,4.22,0.0000,0.61,0.0366,0.0000,0.0710,0.0879
268.100,4.12,0.0000,0.84,0.0504,0.0000,0.0685,0.0844
268.230,4.43,0.0000,0.24,0.0147,0.0000,0.0750,0.0804
268.337,4.28,0.0000,0.48,0.0286,0.0000,0.0725,0.0740
268.438,4.62,0.0000,-0.71,0.0303,0.0000,0.1015,0.0735
268.544,4.50,0.0000,-0.18,0.0079,0.0000,0.0837,0.0744
268.650,4.79,0.0000,-0.44,0.0188,0.0000,0.0919,0.0759
268.755,4.42,0.0000,0.20,0.0120,0.0000,0.0746,0.0774
268.895,4.43,0.0000,0.56,0.0338,0.0000,0.0706,0.0780
269.000,4.42,0.0000,0.59,0.0357,0.0000,0.0703,0.0776
269.100,4.73,0.0000,0.42,0.0253,0.0000,0.0722,0.0775
269.229,4.54,0.0000,0.39,0.0236,0.0000,0.0725,0.0774
269.340,4.66,0.0000,0.24,0.0141,0.0000,0.0738,0.0775
269.440,4.93,0.0000,0.10,0.0060,0.0000,0.0755,0.0783
269.576,5.04,0.0000,-0.59,0.0254,0.0000,0.0968,0.0787
269.704,4.96,0.0000,0.21,0.0123,0.0000,0.0750,0.0773
269.823,4.38,0.0000,1.13,0.0677,0.0000,0.0650,0.0754
269.952,4.76,0.0000,1.42,0.0852,0.0000,0.0622,0.0740
270.082,5.21,0.0000,1.16,0.0697,0.0000,0.0653,0.0732
270.210,5.14,0.0000,1.08,0.0649,0.0000,0.0666,0.0724
270.336,4.38,0.0000,1.19,0.0714,0.0000,0.0655,0.0713
270.437,3.93,0.0000,1.08,0.0647,0.0000,0.0662,0.0698
270.573,4.02,0.0000,0.50,0.0298,0.0000,0.0722,0.0667
270.707,4.28,0.0000,0.07,0.0043,0.0000,0.0764,0.0665
270.834,4.17,0.0000,0.38,0.0230,0.0000,0.0729,0.0681
270.940,4.88,0.0000,-0.09,0.0037,0.0000,0.0803,0.0696
271.046,4.68,0.0000,0.09,0.0052,0.0000,0.0762,0.0714
271.162,4.63,0.0000,0.29,0.0173,0.0000,0.0737,0.0724
271.286,4.63,0.0000,0.47,0.0283,0.0000,0.0713,0.0733
271.421,4.25,0.0000,0.71,0.0425,0.0000,0.0677,0.0738
271.522,4.00,0.0000,0.67,0.0405,0.0000,0.0664,0.0736
271.653,3.71,0.0000,0.57,0.0342,0.0000,0.0662,0.0728
271.784,4.57,0.0000,0.04,0.0022,0.0000,0.0677,0.0716
271.895,4.83,0.0000,-0.36,0.0153,0.0000,0.0826,0.0718
272.000,4.82,0.0583,-0.78,0.0335,0.0000,0.1016,0.0730
272.107,3.46,0.0354,-1.25,0.0538,0.0000,0.1180,0.0767
272.210,2.16,0.0000,-3.20,0.1370,0.0000,0.1822,0.0849
272.337,2.53,0.0000,-4.77,0.2043,0.0000,0.2355,0.1070
272.440,2.33,0.0000,-4.10,0.1755,0.0000,0.2134,0.1226
272.576,2.66,0.0000,-2.69,0.1154,0.0000,0.1664,0.1386
272.688,3.05,0.0000,-1.06,0.0456,0.0000,0.1116,0.1452
272.825,3.20,0.0000,1.11,0.0667,0.0000,0.0639,0.1463
272.955,3.76,0.0000,1.84,0.1103,0.0000,0.0571,0.1440
273.060,3.75,0.0000,2.25,0.1349,0.0000,0.0527,0.1397
273.187,3.55,0.0000,2.55,0.1531,0.0000,0.0496,0.1310
273.291,4.02,0.0000,2.75,0.1650,0.0000,0.0524,0.1172
273.421,4.69,0.0000,2.63,0.1576,0.0000,0.0491,0.0921
273.525,4.75,0.0000,2.73,0.1638,0.0000,0.0506,0.0755
273.652,4.86,0.0000,2.59,0.1554,0.0000,0.0500,0.0588
273.780,4.64,0.0000,2.36,0.1414,0.0000,0.0530,0.0520
273.892,4.34,0.0000,2.21,0.1323,0.0000,0.0548,0.0515
274.026,4.45,0.0000,1.69,0.1013,0.0000,0.0607,0.0522
274.162,4.14,0.0000,1.32,0.0794,0.0000,0.0647,0.0537
274.287,3.84,0.0000,1.32,0.0793,0.0000,0.0648,0.0556
274.420,3.94,0.0000,1.35,0.0809,0.0000,0.0648,0.0576
274.522,3.59,0.0000,1.51,0.0905,0.0000,0.0629,0.0590
274.623,3.76,0.0000,1.21,0.0726,0.0000,0.0664,0.0605
274.725,4.31,0.0071,1.35,0.0813,0.0000,0.0653,0.0618
274.855,4.17,0.0722,1.81,0.1084,0.0000,0.0639,0.0632
274.956,4.56,0.1087,2.42,0.1451,0.0000,0.0595,0.0636
275.066,4.29,0.1560,3.09,0.1856,0.0000,0.0765,0.0641
275.167,3.91,0.1259,3.77,0.2261,0.0000,0.1170,0.0681
275.267,3.29,0.1290,4.11,0.2465,0.0000,0.1384,0.0749
275.372,3.23,0.0933,4.19,0.2513,0.0000,0.1420,0.0826
275.504,2.83,0.1085,3.94,0.2365,0.0000,0.1284,0.0922
275.637,2.81,0.1593,3.19,0.1912,0.0000,0.0850,0.0994
275.740,2.94,0.0949,2.35,0.1410,0.0000,0.0579,0.0989
275.870,2.70,0.0674,1.37,0.0820,0.0000,0.0671,0.0990
275.970,2.20,0.1357,0.81,0.0484,0.0000,0.0766,0.1001
276.105,2.01,0.1936,0.53,0.0320,0.0000,0.0824,0.1014
276.235,1.95,0.1957,0.78,0.0467,0.0000,0.0797,0.0962
276.340,1.68,0.2089,0.74,0.0446,0.0000,0.0807,0.0902
276.449,2.08,0.2040,0.41,0.0249,0.0000,0.0840,0.0844
276.550,3.18,0.1728,0.72,0.0435,0.0000,0.0791,0.0785
276.652,4.90,0.1261,0.63,0.0377,0.0000,0.0778,0.0756
276.753,5.41,0.1021,0.41,0.0248,0.0000,0.0789,0.0776
276.882,5.53,0.0841,0.71,0.0429,0.0000,0.0746,0.0786
277.015,6.04,0.1267,-0.16,0.0070,0.0000,0.0900,0.0794
277.126,5.17,0.0819,0.03,0.0016,0.0000,0.0820,0.0802
277.244,5.01,0.0000,-1.64,0.0703,0.0000,0.1333,0.0846
277.375,4.29,0.0000,-1.37,0.0586,0.0000,0.1241,0.0916
277.503,4.12,0.0000,-2.04,0.0872,0.0000,0.1464,0.1003
277.636,4.50,0.0000,-4.67,0.2000,0.0000,0.2345,0.1173
277.740,4.56,0.0000,-6.23,0.2669,0.0000,0.2867,0.1357
277.860,5.02,0.0000,-8.11,0.3474,0.0000,0.3237,0.1689
277.972,6.24,0.0000,-9.42,0.4039,0.0000,0.3400,0.1945
278.088,6.33,0.0000,-6.49,0.2782,0.0000,0.2947,0.2246
278.190,6.47,0.0000,-7.29,0.3124,0.0000,0.3127,0.2440
278.325,6.70,0.0000,-8.51,0.3648,0.0000,0.3288,0.2679
278.430,5.51,0.0000,-9.55,0.4092,0.0000,0.3424,0.2882
278.545,5.43,0.1223,-9.37,0.4015,0.0000,0.3470,0.3115
278.658,6.31,0.1688,-9.10,0.3901,0.0000,0.3458,0.3228
278.762,8.41,0.3350,-9.59,0.4108,0.0000,0.3603,0.3298
278.879,8.06,0.3898,-5.41,0.2319,0.0000,0.2793,0.3282
278.980,5.36,0.5866,-0.21,0.0088,0.0000,0.1146,0.3120
279.115,2.93,0.6953,2.48,0.1490,0.0000,0.0859,0.2965
279.230,0.81,0.6703,3.10,0.1859,0.0000,0.1063,0.2766
279.361,0.13,0.6556,2.19,0.1314,0.0000,0.0873,0.2470
279.497,2.11,0.6209,1.76,0.1054,0.0000,0.0905,0.2146
279.614,1.34,0.6419,0.44,0.0263,0.0000,0.1061,0.1907
279.730,0.76,0.6192,-0.71,0.0306,0.0000,0.1337,0.1764
279.864,0.03,0.6690,-1.72,0.0736,0.0000,0.1698,0.1574
280.009,1.44,0.6727,-2.94,0.1259,0.0000,0.2108,0.1414
280.110,1.29,0.6389,-3.09,0.1324,0.0000,0.2142,0.1336
280.232,0.87,0.5290,-3.16,0.1356,0.0000,0.2112,0.1334
280.386,2.64,0.3970,-3.02,0.1295,0.0000,0.1999,0.1476
280.501,3.47,0.2644,-2.73,0.1171,0.0000,0.1836,0.1534
280.626,4.29,0.2705,-1.64,0.0703,0.0000,0.1474,0.1585
280.754,5.77,0.3125,-0.74,0.0315,0.0000,0.1192,0.1635
280.862,6.70,0.3154,0.17,0.0105,0.0000,0.0926,0.1636
280.980,7.29,0.3466,0.89,0.0534,0.0000,0.0862,0.1629
281.102,7.64,0.3640,1.27,0.0764,0.0000,0.0827,0.1570
281.252,7.75,0.4201,1.13,0.0677,0.0000,0.0871,0.1450
281.371,8.04,0.3569,0.23,0.0138,0.0000,0.0937,0.1295
281.487,7.78,0.1943,0.16,0.0097,0.0000,0.0863,0.1163
281.622,7.47,0.0291,0.49,0.0296,0.0000,0.0742,0.0997
281.722,8.41,0.0603,0.17,0.0101,0.0000,0.0792,0.0908
281.855,9.23,0.2517,-0.15,0.0066,0.0000,0.0946,0.0857
281.990,9.70,0.2965,0.14,0.0085,0.0000,0.0898,0.0858
282.092,10.58,0.3157,-1.15,0.0493,0.0000,0.1311,0.0888
282.213,11.43,0.2379,-1.98,0.0848,0.0000,0.1554,0.0978
282.336,11.47,0.2084,-1.85,0.0793,0.0000,0.1503,0.1040
282.464,8.54,0.1082,-1.87,0.0803,0.0000,0.1481,0.1103
282.569,6.12,0.2084,-0.55,0.0237,0.0000,0.1079,0.1142
282.701,6.81,0.1886,-0.08,0.0036,0.0000,0.0900,0.1169
282.802,5.06,0.1200,-2.70,0.1157,0.0000,0.1740,0.1263
282.938,5.45,0.1371,-5.12,0.2195,0.0000,0.2550,0.1485
283.072,4.04,0.1362,-3.56,0.1524,0.0000,0.2021,0.1612
283.207,4.07,0.1915,-5.42,0.2321,0.0000,0.2665,0.1738
283.308,4.55,0.1571,-7.24,0.3104,0.0000,0.3177,0.1871
283.444,4.16,0.0000,-9.20,0.3945,0.0000,0.3342,0.2120
283.573,3.77,0.0000,-10.79,0.4626,0.0000,0.3555,0.2407
283.709,3.57,0.0000,-10.75,0.4609,0.0000,0.3558,0.2741
283.849,3.48,0.0000,-10.07,0.4316,0.0000,0.3470,0.2916
283.965,4.05,0.0000,-10.56,0.4524,0.0000,0.3535,0.3009
284.099,4.33,0.0000,-9.86,0.4224,0.0000,0.3450,0.3137
284.231,4.18,0.0000,-8.42,0.3609,0.0000,0.3270,0.3280
284.369,3.75,0.0678,-5.79,0.2481,0.0000,0.2747,0.3318
284.522,3.69,0.1232,-5.25,0.2250,0.0000,0.2595,0.3314
284.653,3.45,0.2367,-3.89,0.1669,0.0000,0.2200,0.3221
284.802,3.09,0.3660,-2.87,0.1231,0.0000,0.1925,0.3083
284.919,2.18,0.6539,-2.19,0.0940,0.0000,0.1845,0.2922
285.019,0.81,0.6630,-0.87,0.0372,0.0000,0.1408,0.2796
285.132,1.68,0.6097,-0.66,0.0284,0.0000,0.1317,0.2580
285.253,2.63,0.6593,-1.47,0.0631,0.0000,0.1617,0.2382
285.370,4.21,0.7489,-2.49,0.1066,0.0000,0.2003,0.2210
285.501,3.95,0.7726,-1.38,0.0592,0.0000,0.1641,0.2031
285.605,4.66,0.8473,-0.59,0.0255,0.0000,0.1413,0.1852
285.737,5.88,0.8100,0.24,0.0144,0.0000,0.1170,0.1650
285.854,5.58,0.8320,0.26,0.0159,0.0000,0.1176,0.1541
285.972,5.06,0.7248,0.60,0.0362,0.0000,0.1083,0.1428
286.090,4.39,0.5864,0.34,0.0206,0.0000,0.1041,0.1354
286.191,4.69,0.4432,-0.45,0.0195,0.0000,0.1159,0.1327
286.332,5.66,0.3945,-1.32,0.0565,0.0000,0.1424,0.1319
286.461,4.84,0.1983,-3.50,0.1500,0.0000,0.2055,0.1316
286.598,4.93,0.0000,-3.65,0.1566,0.0000,0.2003,0.1383
286.700,4.53,0.0000,-3.41,0.1460,0.0000,0.1920,0.1454
286.803,4.61,0.0000,-3.80,0.1630,0.0000,0.2053,0.1537
286.904,5.17,0.0730,-2.48,0.1062,0.0000,0.1645,0.1606
287.042,5.21,0.0000,-3.00,0.1286,0.0000,0.1775,0.1640
287.148,5.61,0.0252,-1.06,0.0454,0.0000,0.1137,0.1666
287.275,6.16,0.0795,0.22,0.0132,0.0000,0.0776,0.1611
287.409,7.63,0.1390,0.55,0.0329,0.0000,0.0775,0.1511
287.521,8.12,0.1197,0.64,0.0385,0.0000,0.0757,0.1391
287.644,8.15,0.0870,0.88,0.0531,0.0000,0.0717,0.1266
287.769,8.44,0.1177,1.13,0.0679,0.0000,0.0708,0.1136
287.879,8.47,0.0872,1.33,0.0801,0.0000,0.0672,0.1004
288.002,8.32,0.0574,1.28,0.0769,0.0000,0.0665,0.0860
288.118,8.07,0.0609,1.24,0.0745,0.0000,0.0671,0.0794
288.218,8.45,0.0348,1.25,0.0751,0.0000,0.0658,0.0730
288.320,8.04,0.0246,1.36,0.0818,0.0000,0.0641,0.0710
288.420,7.78,0.0172,1.39,0.0836,0.0000,0.0634,0.0694
288.536,7.89,0.0246,0.84,0.0502,0.0000,0.0699,0.0678
288.676,7.80,0.0552,1.32,0.0793,0.0000,0.0660,0.0668
288.777,7.75,0.0474,1.44,0.0864,0.0000,0.0644,0.0661
288.879,7.63,0.0355,1.30,0.0783,0.0000,0.0653,0.0657
289.012,7.55,0.0268,1.38,0.0830,0.0000,0.0640,0.0654
289.113,7.39,0.0167,1.47,0.0882,0.0000,0.0625,0.0651
289.219,6.87,0.0083,1.11,0.0668,0.0000,0.0657,0.0650
289.338,7.33,0.0317,1.64,0.0981,0.0000,0.0613,0.0647
289.440,6.94,0.0637,1.39,0.0834,0.0000,0.0655,0.0649
289.550,7.21,0.0388,1.51,0.0907,0.0000,0.0630,0.0644
289.654,7.06,0.0230,1.69,0.1012,0.0000,0.0603,0.0637
289.756,6.65,0.0533,1.34,0.0803,0.0000,0.0654,0.0635
289.858,6.52,0.0544,1.25,0.0753,0.0000,0.0663,0.0638
289.975,6.67,0.0342,1.11,0.0669,0.0000,0.0668,0.0640
290.076,6.75,0.0797,0.93,0.0558,0.0000,0.0711,0.0645
290.179,6.06,0.0711,1.00,0.0600,0.0000,0.0699,0.0651
290.285,6.14,0.0857,1.06,0.0636,0.0000,0.0699,0.0654
290.403,6.26,0.0888,1.00,0.0601,0.0000,0.0708,0.0663
290.522,6.13,0.1139,1.13,0.0676,0.0000,0.0708,0.0669
290.654,6.14,0.1087,1.30,0.0779,0.0000,0.0687,0.0680
290.754,6.41,0.1436,1.63,0.0978,0.0000,0.0668,0.0687
290.886,6.65,0.1622,1.61,0.0963,0.0000,0.0681,0.0691
291.025,6.62,0.1471,1.72,0.1032,0.0000,0.0661,0.0693
291.139,6.52,0.1646,1.52,0.0914,0.0000,0.0691,0.0692
291.258,6.56,0.1236,1.48,0.0890,0.0000,0.0676,0.0691
291.387,6.75,0.1259,1.28,0.0769,0.0000,0.0700,0.0689
291.513,7.04,0.0872,1.23,0.0740,0.0000,0.0686,0.0686
291.642,7.41,0.0671,1.12,0.0671,0.0000,0.0689,0.0686
291.759,7.59,0.0013,1.16,0.0694,0.0000,0.0653,0.0685
291.886,7.56,0.0000,0.77,0.0460,0.0000,0.0695,0.0685
292.026,7.12,0.0000,0.24,0.0145,0.0000,0.0752,0.0690
292.128,7.04,0.0000,0.25,0.0149,0.0000,0.0751,0.0697
292.247,7.36,0.0000,0.37,0.0223,0.0000,0.0738,0.0703
292.348,7.73,0.0000,0.38,0.0227,0.0000,0.0737,0.0708
